brand,model,alias,battery_type,part_numbers,wh,cells,confidence,source_url,notes,image,image_source,image_note,charger_watts,charger_connector,charger_output,charger_part_numbers,charger_confidence,charger_source_url,charger_notes
Acer,Aspire 3 A315-59 (15.6-inch),Aspire A315-59,AP19B8K,AP19B8K; AP19B5K,43,3,medium,https://www.cdrtd.com/products/laptop-ap19b8k-battery-for-acer-aspire-a315-59-aspire-a315-59-59g-a315-59-55yk-a315-59-71nf-a315-59-598k-35c7-55vy-11-25v-3831mah-43-08wh.html,11.25 V 3831 mAh 43.08 Wh 3-cell Li-ion. AP19B8K and AP19B5K are equivalent supplier variants of the same pack; either may be fitted. Some Acer spec sheets quote 40 Wh.,img/acer-ap19b8k.jpg,https://www.laptopbatteryexpress.com/Acer-AP19B8K-Battery-for-Swift-3-SF314-p/ace-ap19b8k.htm,,45,Acer 3.0mm barrel,19V 2.37A,KP.04501.017; ADP-45HE B; PA-1450-26,medium,https://www.lps-gopower.org/acer-aspire-3-a315-59-a315-59g-charger-original-45w-ac-adapter-117942.htm,3.0 x 1.1 mm tip. Some regions ship the Acer 65W (19V 3.42A) adapter with the same tip.
Apple,"MacBook Pro (13-inch, 2019, Four Thunderbolt 3 ports)",Apple iMac with T2,A1964,A1964,58,6,medium,https://www.ifixit.com/products/macbook-pro-13-retina-mid-a1989-a2251-battery,Body A1989. 11.41 V 5086 mAh 58.0 Wh. iFixit 2018 teardown confirms six cells.,img/apple-a1964.jpg,https://www.ifixit.com/en-eu/products/macbook-pro-13-retina-mid-a1989-a2251-battery,,61,USB-C,20.3V 3A / 9V 3A / 5.2V 2.4A (USB-C PD),A1718 / MRW22; MNF72,high,https://support.apple.com/en-us/111997,Apple tech specs list the 61W USB-C Power Adapter. Ships with a 2 m USB-C charge cable (MLL82).
Apple,"MacBook Pro (13-inch, 2020, Four Thunderbolt 3 ports)","Apple MacBook Pro 13-inch 2020 (A2251) | Apple T2 MacBookPro16,2 | MacBookPro16,2",A1964,A1964,58,6,medium,https://www.ifixit.com/products/macbook-pro-13-retina-mid-a1989-a2251-battery,Body A2251. iFixit and battery shops list A1964 (58 Wh 11.41 V) as the battery for A2251. Some sources quote the 2020 sticker as A2327; no page confirmed this. Cell count from the 2018 A1989 teardown (same pack).,img/apple-a1964.jpg,https://www.ifixit.com/en-eu/products/macbook-pro-13-retina-mid-a1989-a2251-battery,,61,USB-C,20.3V 3A / 9V 3A / 5.2V 2.4A (USB-C PD),A2166 / MRW22; A1718 / MNF72,high,https://support.apple.com/en-us/111339,Apple tech specs list 61W USB-C Power Adapter. A2166 is the 2019+ revision; A1718 is the earlier 61W adapter. Ships with USB-C Charge Cable (2 m).
Apple,"MacBook Air (Retina, 13-inch, 2020)","Apple T2 MacBookAir9,1",A1965,A1965,49.9,4,medium,https://www.ifixit.com/products/macbook-air-13-late-2018-early-2020-battery,"Body A2179. 11.4 V 4379 mAh 49.9 Wh. Cell count from teardown photos, not confirmed by a source.",img/apple-a1965.jpg,https://www.ifixit.com/products/macbook-air-13-late-2018-early-2020-battery,,30,USB-C,5-20V up to 3A (20V 1.5A),A2164 / MY1W2; A1882 / MR2A2,high,https://support.apple.com/en-us/111991,Apple tech specs list a 30W USB-C Power Adapter with USB-C Charge Cable. Applies to both the Intel (early 2020) and the M1 (late 2020) 13-inch Air.
Apple,"MacBook Pro (13-inch, 2019, Two Thunderbolt 3 ports)","Apple T2 MacBookPro15,4",A2171,A2171,58.2,6,medium,https://www.ifixit.com/products/macbook-pro-13-retina-mid-2019-battery,Body A2159. 11.41 V 58.2 Wh. Cell count not confirmed by a source.,img/apple-a2171.jpg,https://www.laptopbatteryexpress.com/MacBook-Pro-13-2019-A2159-Battery-p/app-a2171.htm,,61,USB-C,5-20.3V up to 3A (20.3V 3A),A1947 / MRW22,high,https://support.apple.com/en-us/111945,Box: 61W USB-C Power Adapter + USB-C Charge Cable (2 m). Part number from own knowledge.
Apple,"MacBook Pro (13-inch, 2020, Two Thunderbolt 3 ports)","Apple T2 MacBookPro16,3",A2171,A2171,58.2,6,medium,https://www.ifixit.com/products/macbook-pro-13-retina-mid-2019-battery,Body A2289. Same A2171 pack as A2159 and A2338. Cell count not confirmed by a source.,img/apple-a2171.jpg,https://www.laptopbatteryexpress.com/MacBook-Pro-13-2019-A2159-Battery-p/app-a2171.htm,,61,USB-C,20.3V 3A / 9V 3A / 5.2V 2.4A (USB-C PD),A1718 / MNF72LL/A; A1947 / MRW22LL/A,high,https://support.apple.com/en-us/111981,Apple tech specs list a 61W USB-C Power Adapter; ships with a 2 m USB-C charge cable (A1739 / MUF72)
Apple,"MacBook Air (M1, 2020)",,A2389,A2389,49.9,4,medium,https://www.ifixit.com/products/macbook-air-13-a2337-late-2020-battery,Body A2337. 11.39 V 4380 mAh 49.9 Wh. Cell count not confirmed (one seller says 3).,img/apple-a2389.jpg,https://www.ifixit.com/products/macbook-air-13-a2337-late-2020-battery,,30,USB-C,5-20.5V up to 3A (30W USB-C PD),A2164 / MY1W2; A1882 / MR2A2,high,https://support.apple.com/en-us/111883,30W USB-C Power Adapter in the box. USB-C to USB-C charge cable (2 m).
Apple,"MacBook Pro (16-inch, 2019)","MacBook Pro 16"" 2019",A2113,A2113,100,6,medium,https://www.ifixit.com/products/macbook-pro-16-2019-battery,Body A2141. Apple spec 100 Wh; iFixit pack rated 98.8 Wh 11.76 V 8790 mAh. Cell count not confirmed by a source.,img/apple-a2113.jpg,https://www.ifixit.com/products/macbook-pro-16-2019-battery,,96,USB-C,20.5V 4.7A / 15V 3A / 9V 3A / 5.2V 3A (USB-C PD),A2166 / MX0J2,high,https://support.apple.com/en-us/111932,Apple tech specs list the 96W USB-C Power Adapter. Ships with a 2 m USB-C charge cable (MLL82).
Apple,"MacBook Pro (15-inch, 2018)","MacBook Pro 15"" 2018",A1953,A1953,83.6,6,medium,https://www.ifixit.com/products/macbook-pro-15-retina-mid-2018-2019-battery,Body A1990. 11.4 V 7336 mAh 83.6 Wh. Cell count not confirmed by a source.,img/apple-a1953.jpg,https://www.ifixit.com/products/macbook-pro-15-retina-mid-2018-2019-battery,,87,USB-C,20.2V 4.3A / 9V 3A / 5.2V 2.4A (USB-C PD),A1719 / MNF82,high,https://support.apple.com/en-us/111949,Apple tech specs list 87W USB-C Power Adapter. Ships with USB-C Charge Cable (2 m).
Apple,"MacBook Pro (14-inch, 2023) with M2 Pro","MacBook Pro (14-inch, M2 Pro, 2023)",A2519,A2519,70,6,medium,https://www.ifixit.com/products/macbook-pro-14-a2442-a2779-a2918-battery,Body A2779. Apple spec 70 Wh; pack label 69.6 Wh 11.47 V 6068 mAh. Same A2519 pack as 14-inch 2021 (A2442) and 14-inch M3 (A2918). Cell count not confirmed by a source.,img/apple-a2519.jpg,https://www.laptopbatteryexpress.com/A2519-Battery-for-MacBook-Pro-14-2021-2023-A244-p/app-a2519.htm,,67,MagSafe 3,5-20.3V up to 3.3A (20.3V 3.3A),A2518 / MKU63; A2166 / MX0J2; A2363 / MLYV3,high,https://support.apple.com/en-us/111340,67W adapter ships with the M2 Pro 10-core CPU config. The 12-core M2 Pro and M2 Max configs ship with the 96W adapter (20.5V 4.7A). Charging is via the USB-C to MagSafe 3 cable; USB-C charging also works. Part number detail: A2166 / MX0J2: 96W; A2363 / MLYV3: USB-C to MagSafe 3 cable.
Apple,"MacBook Pro (14-inch, M3 Pro, Nov 2023)","MacBook Pro (14-inch, M3 Pro, Late 2023)",A2977,A2977,72.4,6,medium,https://www.ifixit.com/products/macbook-pro-14-late-2023-a2992-battery,Body A2992 (M3 Pro/M3 Max). Apple spec 72.4 Wh; iFixit lists 72.6 Wh 11.58 V 6300 mAh. Not the A2519 used by the base M3 14-inch (A2918). Cell count not confirmed by a source.,img/apple-a2977.webp,https://usabatteries.com/product/apple-a2977-battery-for-macbook-pro-14-late-2023/,,70,MagSafe 3,5-20.3V up to 3.5A (20.3V 3.5A),A2743 / MQLN3; A2166 / MX0J2,high,https://support.apple.com/en-us/117736,M3 Pro 11-core CPU ships 70W USB-C adapter; 12-core CPU config ships 96W. Charges via USB-C to MagSafe 3 cable (2 m). Part numbers from own knowledge. Part number detail: A2166 / MX0J2: 96W.
Apple,"MacBook Pro (14-inch, 2021) with M1 Pro or M1 Max","MacBook Pro (M1 Mac, 14-inch, 2021)",A2519,A2519,70,6,medium,https://www.ifixit.com/products/macbook-pro-14-a2442-a2779-a2918-battery,Body A2442 (M1 Pro and M1 Max share one pack). Apple spec 70 Wh; pack label 69.6 Wh 11.46 V 6068 mAh. Cell count not confirmed by a source.,img/apple-a2519.jpg,https://www.laptopbatteryexpress.com/A2519-Battery-for-MacBook-Pro-14-2021-2023-A244-p/app-a2519.htm,,96,MagSafe 3,20.5V 4.7A / 15V 3A / 9V 3A / 5.2V 3A (USB-C PD),A2166 / MX0J2AM/A; A2518 / MKU63AM/A,high,https://support.apple.com/en-us/111902,96W USB-C adapter for 10-core M1 Pro and M1 Max; 8-core M1 Pro base config ships with 67W A2518; both use USB-C to MagSafe 3 cable A2363 / MLYV3. Part number detail: A2518 / MKU63AM/A: 67W.
Apple,"MacBook Pro (16-inch, 2021) with M1 Max","MacBook Pro (M1 Max, 16-inch, 2021)",A2527,A2527,100,6,medium,https://www.ifixit.com/products/macbook-pro-16-2021-a2485-battery,Body A2485 (M1 Pro and M1 Max share one pack). Apple spec 100 Wh; pack label 99.6 Wh 11.45 V 8693 mAh. Cell count not confirmed by a source.,img/apple-a2527.jpg,https://www.ifixit.com/products/macbook-pro-16-2021-a2485-battery,,140,MagSafe 3,5-28V up to 5A (140W USB-C PD 3.1),A2452 / MLYU3,high,https://support.apple.com/en-us/111901,140W USB-C Power Adapter with USB-C to MagSafe 3 cable (2 m) in the box. Adapter itself is USB-C; the laptop end is MagSafe 3.
Apple,"MacBook Pro (14-inch, 2021) with M1 Pro","MacBook Pro (M1 Pro, 14-inch, 2021)",A2519,A2519,70,6,medium,https://www.ifixit.com/products/macbook-pro-14-a2442-a2779-a2918-battery,Body A2442 (M1 Pro and M1 Max share one pack). Apple spec 70 Wh; pack label 69.6 Wh 11.46 V 6068 mAh. Cell count not confirmed by a source.,img/apple-a2519.jpg,https://www.laptopbatteryexpress.com/A2519-Battery-for-MacBook-Pro-14-2021-2023-A244-p/app-a2519.htm,,67,USB-C,20.3V 3.3A / 15V 3A / 9V 3A / 5.2V 2.4A (USB-C PD),A2518 / MKU63; A2166 / MX0J2,high,https://support.apple.com/en-us/111902,67W USB-C adapter ships with the M1 Pro 8-core CPU config. 96W USB-C adapter (A2166) ships with M1 Pro 10-core CPU and M1 Max configs. Ships with a USB-C to MagSafe 3 cable (MLYV3); the laptop connector is MagSafe 3 but the adapter port is USB-C. Part number detail: A2166 / MX0J2: 96W.
Apple,"MacBook Pro (16-inch, 2021) with M1 Pro","MacBook Pro (M1 Pro, 16-inch, 2021)",A2527,A2527,100,6,medium,https://www.ifixit.com/products/macbook-pro-16-2021-a2485-battery,Body A2485 (M1 Pro and M1 Max share one pack). Apple spec 100 Wh; pack label 99.6 Wh 11.45 V 8693 mAh. Cell count not confirmed by a source.,img/apple-a2527.jpg,https://www.ifixit.com/products/macbook-pro-16-2021-a2485-battery,,140,MagSafe 3,28V 5A / 20.3V 4.7A / 15V 3A / 9V 3A / 5.2V 2.4A (USB-C PD 3.1),A2452 / MLYU3; MagSafe 3 cable A2363 / MLYV3,high,https://support.apple.com/en-us/111901,Apple tech specs list 140W USB-C Power Adapter with USB-C to MagSafe 3 Cable (2 m). The 140W adapter is USB-C; the MagSafe 3 cable connects to the laptop.
Apple,"MacBook Pro (13-inch, M1, 2020)","MacBook Pro (M1, 2020)",A2171,A2171,58.2,6,medium,https://www.ifixit.com/products/macbook-pro-13-retina-mid-2019-battery,Body A2338. 11.41 V 58.2 Wh. Cell count not confirmed by a source.,img/apple-a2171.jpg,https://www.laptopbatteryexpress.com/MacBook-Pro-13-2019-A2159-Battery-p/app-a2171.htm,,61,USB-C,5-20.3V up to 3A (20.3V 3A),A1947 / MRW22; A1718 / MNF72,high,https://support.apple.com/en-us/111893,Apple tech specs list a 61W USB-C Power Adapter with USB-C Charge Cable (2 m).
Apple,"MacBook Pro (13-inch, M2, 2022)","MacBook Pro (M2, 13-inch, 2022)",A2171,A2171,58.2,6,medium,https://www.ifixit.com/products/macbook-pro-13-retina-mid-2019-battery,Body A2338 (M2 2022 uses the same chassis and pack as M1). Cell count not confirmed by a source.,img/apple-a2171.jpg,https://www.laptopbatteryexpress.com/MacBook-Pro-13-2019-A2159-Battery-p/app-a2171.htm,,67,USB-C,5-20.3V up to 3.3A (20.3V 3.3A),A2518 / MKU63,high,https://support.apple.com/en-us/111869,Box: 67W USB-C Power Adapter + USB-C Charge Cable (2 m). Part number from own knowledge.
Apple,"MacBook Pro (13-inch, 2018/2019, Four Thunderbolt 3 ports)","MacBook Pro 13"" 2019",A1964,A1964,58,6,medium,https://www.ifixit.com/products/macbook-pro-13-retina-mid-a1989-a2251-battery,Body A1989 (2018 and 2019 share one pack). 11.41 V 5086 mAh 58.0 Wh. iFixit 2018 teardown confirms six cells.,img/apple-a1964.jpg,https://www.ifixit.com/en-eu/products/macbook-pro-13-retina-mid-a1989-a2251-battery,,61,USB-C,20.3V 3A / 9V 3A / 5.2V 2.4A (USB-C PD),A1718 / MNF72LL/A; A1947 / MRW22LL/A,high,https://support.apple.com/en-us/111925,Apple tech specs list a 61W USB-C Power Adapter (2018 and 2019); ships with USB-C charge cable A1739
Apple,"MacBook Pro (13-inch, 2020, Four Thunderbolt 3 ports) A2251",,A1964,A1964,58,6,medium,https://www.ifixit.com/products/macbook-pro-13-retina-mid-a1989-a2251-battery,Body A2251. iFixit and battery shops list A1964 (58 Wh 11.41 V) as the battery for A2251. Some sources quote the 2020 sticker as A2327; no page confirmed this. Cell count from the 2018 A1989 teardown (same pack).,img/apple-a1964.jpg,https://www.ifixit.com/en-eu/products/macbook-pro-13-retina-mid-a1989-a2251-battery,,61,USB-C,5-20.3V up to 3A (61W USB-C PD),A1947 / MRW22; A1718 / MNF72,high,https://support.apple.com/en-us/111339,61W USB-C Power Adapter in the box.
Apple,"MacBook Air (Retina, 13-inch, 2019)","MACBOOKAIR8,2 RETINA 13"" 2019",A1965,A1965,49.9,4,medium,https://www.ifixit.com/products/macbook-air-13-late-2018-early-2020-battery,"Body A1932. 11.4 V 4379 mAh 49.9 Wh. Cell count from teardown photos, not confirmed by a source.",img/apple-a1965.jpg,https://www.ifixit.com/products/macbook-air-13-late-2018-early-2020-battery,,30,USB-C,20V 1.5A / 15V 2A / 9V 3A / 5V 3A (USB-C PD),A1882 / MR2A2,high,https://support.apple.com/en-us/111948,Apple tech specs list the 30W USB-C Power Adapter. Ships with a 2 m USB-C charge cable (MUF72).
Dell,Inspiron 13 5330 (2023),,V6W33,V6W33; TN70C,54,4,medium,https://www.amazon.com/V6W33-Battery-Inspiron-Vostro-Latitude/dp/B0D8SCG7FD,"Dell manual lists 4-cell 54 Wh (15 V) and 4-cell 64 Wh (15.2 V). V6W33 = 54 Wh 4-cell (Dell DP/N XDY9K, WV3K8, VKYJX, MVK11). TN70C = 64 Wh 4-cell, inferred from the same Inspiron 5x20/5x30 family.",img/dell-v6w33.jpg,https://www.laptopbatteryexpress.com/Dell-V6W33-battery-for-Inspiron-13-5310-p/dell-v6w33.htm,,65,USB-C,5-20V up to 3.25A,HA65NM190; LA65NM190; HA65NM170; LA65NM170; 0M1WCF; 0JYJNW,high,https://www.dell.com/support/manuals/en-us/inspiron-13-5330-laptop/inspiron-13-5330-setup-and-specifications/power-adapter?guid=guid-c8435fc6-5cb4-4688-93d5-082b3c0fabb0&lang=en-us,Dell manual lists 65 W USB Type-C only. Part numbers from sparepartworld/laptop charger listings for the 65W USB-C adapter family.
Dell,Inspiron 14 5420 (2022),,V6W33,V6W33; TN70C,54,4,medium,https://www.parts-people.com/index.php?action=category&id=141&subid=1594&refine=battery,V6W33 = 54 Wh 4-cell. TN70C = 64 Wh 4-cell (RTX 2050 / 45 W configurations).,img/dell-v6w33.jpg,https://www.laptopbatteryexpress.com/Dell-V6W33-battery-for-Inspiron-13-5310-p/dell-v6w33.htm,,65,Dell 4.5mm barrel,19.5V 3.34A,LA65NS2-01; HA65NS5-00; 0MGJN9,low,https://www.dell.com/support/manuals/en-us/inspiron-14-5420-laptop/inspiron-14-5420-setup-and-specifications/specifications-of-inspiron-14-5420?guid=guid-12cd14bb-8db3-47d7-a090-15d75787517a&lang=en-us,"Dell manual confirms a barrel power-adapter port on the left side, but the MX570 manual's power-adapter table did not load. The RTX 2050 variant manual lists a 130W E4 4.5mm barrel adapter (19.5V 6.7A; HA130PM130 / DA130PM130). USB-C PD charging (65W) also works."
Dell,Inspiron 14 5440 (2024),,V6W33,V6W33; G91J0; TN70C,54,4,medium,https://www.parts-people.com/index.php?action=category&id=141&subid=1741&refine=battery,"Dell manual lists 4-cell 54 Wh, 4-cell 64 Wh and 3-cell 41 Wh. V6W33 = 54 Wh 4-cell; G91J0 = 41 Wh 3-cell; TN70C = 64 Wh 4-cell (inferred).",img/dell-v6w33.jpg,https://www.laptopbatteryexpress.com/Dell-V6W33-battery-for-Inspiron-13-5310-p/dell-v6w33.htm,,65,Dell 4.5mm barrel,19.5V 3.34A,LA65NS2-01; HA65NS5-00; 0MGJN9,high,https://www.dell.com/support/manuals/en-us/inspiron-14-5440-laptop/inspiron-14-5440-owners-manual/power-adapter?guid=guid-182c70fd-3ea9-4af4-9c8c-c13a66cdafce&lang=en-us,Owner's manual lists only 65 W AC adapter 4.5 mm barrel. Part numbers from own knowledge.
Dell,Inspiron 14 5491 2-in-1,Inspiron 5491 2n1,YRDD6,YRDD6,42,3,medium,https://www.parts-people.com/index.php?action=category&id=141&subid=1362&refine=battery,"42 Wh 3-cell, 11.4 V. Dell DP/N C4HCW, FC92N, Y3F7Y.",img/dell-yrdd6.jpg,https://www.parts-people.com/index.php?action=item&id=30293,Dell OEM YRDD6 page; photo file is named for equivalent DP/N 1VX1H (same 42Wh pack). Alt: https://www.laptopbatteryexpress.com/v/vspfiles/photos/DELL-5482-YRDD6-2T.jpg,45,Dell 4.5mm barrel,19.5V 2.31A,LA45NM140; HA45NM140; 0KXTTW,high,https://www.dell.com/support/manuals/en-us/inspiron-14-5491-2-in-1-laptop/inspiron-5491-2n1-setup-and-specifications/power-adapter?guid=guid-e34ad6a0-39ec-4df5-b409-78bea71e520f&lang=en-us,Dell manual lists 45W and 65W adapters (4.5 mm x 2.9 mm connector); 65W version LA65NM130 / HA65NM130 (19.5V 3.34A)
Dell,Inspiron 15 5505 (AMD),Inspiron 5505,JK6Y6,JK6Y6; H5CKD,40,3,medium,https://www.parts-people.com/index.php?action=category&id=141&subid=1421&refine=battery,"Dell spec lists 3-cell 40 Wh as standard. JK6Y6 = 40 Wh 3-cell; H5CKD = 53 Wh 4-cell (DP/N 9077G, TXD03, 7T8CD).",img/dell-jk6y6.jpg,https://www.dellpartssource.com/products/dell-inspiron-5402-5502-7506-latitude-3510-3-cell-battery-jk6y6.html,,65,Dell 4.5mm barrel,19.5V 3.34A,LA65NS2-01; HA65NS5-00; 0MGJN9; 06TFFF,high,https://www.dell.com/support/manuals/en-us/inspiron-15-5505-laptop/inspiron-15-5505-setup-and-specifications/power-adapter?guid=guid-88ad9930-8170-4253-b304-ac0b3a04d93e&lang=en-us,Dell manual lists 45W (19.5V 2.31A) and 65W; both 4.5 mm x 2.9 mm barrel. 65W is the common Ryzen 5/7 configuration.
Dell,Inspiron 14 7490,Inspiron 7490,DXGH8,DXGH8,52,4,medium,https://www.parts-people.com/index.php?action=category&id=141&subid=1369&refine=battery,"Dell manual: 4-cell 52 Wh, 7.6 V. DXGH8 is the 52 Wh 4-cell (shared with XPS 13 9370/9380, Latitude 3301). HK6N5 45 Wh 4-cell also listed as compatible.",img/dell-dxgh8.jpg,https://www.parts-people.com/index.php?action=item&id=28889,,65,USB-C,5-20V up to 3.25A (20V 3.25A / 15V 3A / 9V 3A / 5V 3A),LA65NM170; HA65NM170,high,https://www.dell.com/support/manuals/en-us/inspiron-14-7490-laptop/inspiron-7490-setup-and-specifications/power-adapter?guid=guid-0ac35263-1ccc-4d6b-b667-55bf6f3aa185&lang=en-us,Dell Setup and Specifications lists only a 65 W USB Type-C adapter. The part numbers come from general knowledge of Dell 65 W USB-C adapters of this era; the Dell page does not list them. Part number detail: LA65NM170: DP/N 0M1WCF; HA65NM170: DP/N 02YK0F.
Dell,Inspiron 15 7506 2-in-1,Inspiron 7506 2n1,3HWPP,3HWPP; H5CKD,68,4,medium,https://www.parts-people.com/index.php?action=category&id=141&subid=1530&refine=battery,Black 7506 2-in-1: Dell manual 4-cell 68 Wh 15.2 V = 3HWPP. Silver 7506 2-in-1: 4-cell 53 Wh = H5CKD.,img/dell-3hwpp.jpg,https://www.ifixit.com/products/dell-3hwpp-laptop-battery,,65,Dell 4.5mm barrel,19.5V 3.34A,LA65NS2-01; HA65NS5-00; 0G6J41; 0MGJN9,high,https://www.dell.com/support/manuals/en-us/inspiron-15-7506-2-in-1-laptop/inspiron-7506-2n1-silver-setup-and-specifications/power-adapter?guid=guid-47958dec-b1b1-449e-bcab-7b5c80b5ccdd&lang=en-us,"Dell manual: 65 W adapter, connector 4.50 mm outer / 2.90 mm inner, 19.5 V 3.34 A (manual page shows 3.47 A in one table; 3.34 A is the standard 65 W rating). Part numbers are the common Dell 65W 4.5mm adapter family; not confirmed against a Dell parts list."
Dell,Latitude 3330 (2022),,G91J0,G91J0; V6W33; TN70C,41,3,medium,https://www.parts-people.com/index.php?action=category&id=140&subid=1588&refine=battery,G91J0 = 41 Wh 3-cell; V6W33 = 54 Wh 4-cell; TN70C = 64 Wh 4-cell. Dell manual lists 3-cell 41 Wh and 4-cell 54 Wh.,img/dell-g91j0.jpg,https://www.parts-people.com/index.php?action=item&id=36990,,65,USB-C,5-20V up to 3.25A,LA65NM190; HA65NM190; DA65NM190,high,https://www.dell.com/support/manuals/en-us/latitude-13-3330-laptop/lat-3330_sg-specs/power-adapter?guid=guid-01acb580-f5e6-4144-96b9-ca5d716889a4&lang=en-us,"Dell manual lists three options: 65W USB-C, 65W 4.5mm barrel (19.5V 3.34A; e.g. LA65NS2-01 / HA65NS5-00), and 60W USB-C (Japan only). The 65W USB-C is the standard shipped adapter."
Dell,Latitude 3420,,G91J0,G91J0; V6W33,41,3,medium,https://www.laptopbatteryexpress.com/Dell-Latitude-3420-battery-p/dell-g91j0-3420.htm,"G91J0 = 41 Wh 3-cell 11.25 V; V6W33 = 54 Wh 4-cell 15 V (DP/N XDY9K, XPHX8, VKYJX, MVK11, WV3K8).",img/dell-g91j0.jpg,https://www.parts-people.com/index.php?action=item&id=36990,,65,Dell 4.5mm barrel,19.5V 3.34A,LA65NS2-01; HA65NS5-00; 0MGJN9; LA65NM170,high,https://www.dell.com/support/manuals/en-us/latitude-14-3420-laptop/latitude_3420_ss/power-adapter?guid=guid-2ea7ebaa-0143-4c05-803f-5015bfcb4e67&lang=en-us,Two options: 65 W 4.5 mm barrel (standard) or 65 W USB-C (20V 3.25A). Part numbers from own knowledge. Part number detail: LA65NM170: USB-C.
Dell,Latitude 3510,,JK6Y6,JK6Y6; H5CKD,40,3,medium,https://www.parts-people.com/index.php?action=item&id=33324,JK6Y6 = 40 Wh 3-cell; H5CKD = 53 Wh 4-cell 15 V (DP/N TXD03). Dell manual lists 3-cell 40 Wh and 4-cell 53 Wh.,img/dell-jk6y6.jpg,https://www.dellpartssource.com/products/dell-inspiron-5402-5502-7506-latitude-3510-3-cell-battery-jk6y6.html,,65,Dell 4.5mm barrel,19.5V 3.34A,LA65NM130; HA65NM130; 0MGJN9,high,https://www.dell.com/support/manuals/en-us/latitude-15-3510-laptop/latitude_3510_specs/power-adapter?guid=guid-dcf8dbc3-e308-45be-a0af-d9a17303eb6d&lang=en-us,"Dell manual lists 45W (19.5V 2.31A), 65W barrel, and optional 65W USB-C (20V 3.25A, LA65NM190 / HA65NM190)"
Dell,Latitude 3520,,G91J0,G91J0; V6W33,41,3,medium,https://www.dellpartssource.com/products/dell-latitude-3320-3420-3520-inspiron-3515-3420-3520-battery-g91j0.html,"G91J0 = 41 Wh 3-cell (DP/N PG8YJ, FH3K2, 927N5); V6W33 = 54 Wh 4-cell (DP/N WV3K8, XDY9K, XPHX8, MVK11, VKYJX).",img/dell-g91j0.jpg,https://www.parts-people.com/index.php?action=item&id=36990,,65,Dell 4.5mm barrel,19.5V 3.34A,LA65NS2-01; HA65NS5-00; 0MGJN9,high,https://www.dell.com/support/manuals/en-us/latitude-15-3520-laptop/latitude_3520_cyborg_ss/power-adapter?guid=guid-2ea7ebaa-0143-4c05-803f-5015bfcb4e67&lang=en-us,Dell manual lists two 65W options: 4.5 mm barrel and USB-C (LA65NM170 / HA65NM170 20V 3.25A). Barrel is the common ship.
Dell,Latitude 5300 2-in-1,,0G74G,0G74G; MXV9V,42,3,medium,https://www.parts-people.com/index.php?action=category&id=140&subid=1301&refine=battery,"0G74G = 42 Wh 3-cell 11.4 V (DP/N 2PFPW, 3KF82, 8JYHH); MXV9V = 60 Wh 4-cell 7.6 V (DP/N 5VC2M, N2K62, 829MX, CR8V9, WXW80, K4Y2J).",img/dell-0g74g.jpg,https://www.parts-people.com/index.php?action=item&id=31359,,65,Dell 7.4mm barrel,19.5V 3.34A,LA65NM130; HA65NM130; DA65NM130,high,https://www.dell.com/support/manuals/en-us/latitude-13-5300-2-in-1-laptop/latitude_5300_2in1_setup_specs/power-adapter?guid=guid-d387d744-6c20-4723-b905-4ce93ed18bfe&lang=en-us,"Dell manual lists E5 65 W (standard) and E5 90 W (19.5V 4.62A) adapters, both 7.4 mm barrel. The laptop can also charge over USB-C with a Dell USB-C adapter. Part number detail: LA65NM130: DP/N 06TM1C; HA65NM130: DP/N 0JNKWD."
Dell,Latitude 5310 2-in-1,,0G74G,0G74G; MXV9V,42,3,medium,https://www.parts-people.com/index.php?action=category&id=140&subid=1395&refine=battery,Same batteries as Latitude 5300/7300/7400. 0G74G = 42 Wh 3-cell; MXV9V = 60 Wh 4-cell.,img/dell-0g74g.jpg,https://www.parts-people.com/index.php?action=item&id=31359,,65,USB-C,5-20V up to 3.25A,LA65NM170; HA65NM170; DA65NM170; 0M1WCF; 0JYJNW,high,https://www.dell.com/support/manuals/en-us/latitude-13-5310-2-in-1-laptop/lati_5310_2_in_1_setupspecs/power-adapter?guid=guid-01262469-b09d-48e0-8ab4-fdbeee523023&lang=en-us,"Dell manual lists three options: 65 W USB-C (standard), E5 65 W 7.4mm barrel (19.5V 3.34A) and E5 90 W 7.4mm barrel (19.5V 4.62A). Part numbers from common Dell 65W USB-C adapter family."
Dell,Latitude 5320,,9JM71,9JM71; 7FMXV,42,3,medium,https://www.parts-people.com/index.php?action=category&id=140&subid=1465&refine=battery,"9JM71 = 42 Wh 3-cell 11.4 V; 7FMXV = 63 Wh 4-cell 15.2 V (DP/N 4M1JN, 1PP63, TN2GY).",img/dell-9jm71.jpg,https://www.ifixit.com/products/dell-9jm71-laptop-battery,,65,USB-C,5-20V up to 3.25A,LA65NM190; HA65NM190; DA65NM190,high,https://www.dell.com/support/manuals/en-us/latitude-13-5320-2-in-1-laptop/latitude_5320_setup_and_specs/power-adapter?guid=guid-887675a9-a416-4424-b525-fc515eb7c9ac&lang=en-us,"Dell manual lists 45W, 65W, 90W and 60W USB-C options. 65W is the standard shipped adapter; 90W (20V 4.5A; LA90PM170 / HA90PM170) is optional."
Dell,Latitude 5330,,M69D0,M69D0; FK0VR; 07KRV,41,3,medium,https://www.dellpartssource.com/products/dell-latitude-5430-5530-7430-7330-7530-5330-3-cell-battery-m69d0.html,"M69D0 = 41 Wh 3-cell 11.25 V; FK0VR (DP/N 8P81K, PX0GF, 8H6WD) and 07KRV (DP/N Y86WG, H4PVC) = 58 Wh 4-cell 15.2 V.",img/dell-m69d0.jpg,https://www.parts-people.com/index.php?action=item&id=38772,,65,USB-C,5-20V up to 3.25A (20V 3.25A),LA65NM170; HA65NM190; 0M1WCF,high,https://www.dell.com/support/manuals/en-us/latitude-13-5330-laptop/latitude_5330_ss/power-adapter?guid=guid-78cc202d-8c87-4f7e-acb3-7813519970d3&lang=en-us,"Options: 60 W USB-C small form factor (20V 3A), 65 W USB-C (standard), 90 W USB-C (20V 4.5A). Part numbers from own knowledge."
Dell,Latitude 5410,,1V1XF,1V1XF; R8D7N; 3HWPP,42,3,medium,https://www.parts-people.com/index.php?action=category&id=140&subid=1403&refine=battery,"1V1XF = 42 Wh 3-cell; R8D7N = 51 Wh 3-cell; 3HWPP = 68 Wh 4-cell (DP/N 10X1J, N2NLL, 1VY7F).",img/dell-1v1xf.jpg,https://www.parts-people.com/index.php?action=item&id=30354,,65,Dell 7.4mm barrel,19.5V 3.34A,LA65NM130; HA65NM130; 0MGJN9,high,https://www.dell.com/support/manuals/en-us/latitude-14-5410-laptop/latitude_5410_specs/power-adapter?guid=guid-13591b0e-82ea-4300-8b65-5a5c08b94711&lang=en-us,"Dell manual lists 65W and 90W (19.5V 4.62A, LA90PM111 / HA90PE1-00) 7.4 mm barrel, plus 65W and 90W USB-C options (LA65NM190 / LA90PM170)"
Dell,Latitude 5420,,WY9DX,WY9DX; RJ40G,42,3,medium,https://www.parts-people.com/index.php?action=item&id=35697,"WY9DX = 42 Wh 3-cell 11.4 V (DP/N WK3F1, M3KCN, 05R42); RJ40G = 63 Wh 4-cell 15.2 V (DP/N M033W, 1K2CF, 75X16).",img/dell-wy9dx.jpg,https://www.parts-people.com/index.php?action=item&id=35697,,65,USB-C,5-20V up to 3.25A,LA65NM170; HA65NM170; DA65NM170; 0JYJNW,high,https://www.dell.com/support/manuals/en-us/latitude-5420-laptop/5420_sp14_setupspecs/power-adapter?guid=guid-aa08631d-8297-4127-97d5-a41eeafaa4fe&lang=en-us,Dell manual also lists a 90W USB-C option (20V 4.5A; LA90PM170 / HA90PM170).
Dell,Latitude 5430,,M69D0,M69D0; 07KRV; FK0VR,41,3,medium,https://www.parts-people.com/index.php?action=item&id=38895,M69D0 = 41 Wh 3-cell; 07KRV / FK0VR = 58 Wh 4-cell 15.2 V. XVJNP 53.5 Wh 3-cell is for the 5430 Rugged only.,img/dell-m69d0.jpg,https://www.parts-people.com/index.php?action=item&id=38772,,65,USB-C,5-20V up to 3.25A (20V 3.25A / 15V 3A / 9V 3A / 5V 3A),LA65NM190; HA65NM190,high,https://www.dell.com/support/manuals/en-us/latitude-14-5430-laptop/lat5430rugged_specs/power-adapter?guid=guid-734fb61c-7d03-4130-b047-91788f27d9bd&lang=en-us,Dell manual lists 65 W USB-C (standard) and 90 W USB-C (20V 4.5A) options. The Dell page found is for Latitude 5430 Rugged; the non-rugged Latitude 5430 uses the same 65 W / 90 W USB-C adapters.
Dell,Latitude 5440,,GRWKG,GRWKG; DR02P,42,3,medium,https://www.parts-people.com/index.php?action=item&id=38899,"GRWKG = 42 Wh 3-cell (DP/N NKXK7, V7TXF, HM1H5); DR02P = 54 Wh 3-cell 11.4 V (DP/N 803W6, 2X1V9, WYJ45, RXF9T, PX6ND). Both are 3-cell.",img/dell-grwkg.jpg,https://www.parts-people.com/index.php?action=item&id=40017,,65,USB-C,5-20V up to 3.25A,HA65NM190; LA65NM190; 0M1WCF; 0JYJNW; HA65NM170,high,https://www.dell.com/support/manuals/en-us/latitude-14-5440-laptop/latitude-5440-owners-manual/power-adapter?guid=guid-6e7fe3da-c295-461e-805a-f3636f2373e9&lang=en-us,"Dell manual lists 60 W USB-C (20V 3A), 60 W 2-pin USB-C, 65 W USB-C (standard) and 100 W USB-C (20V 5A). Part numbers from sparepartworld/Amazon listings for the Dell 65W USB-C adapter."
Dell,Latitude 5450,,DR02P,DR02P; R73TC; GRWKG; JTG7N,54,3,medium,https://www.parts-people.com/index.php?action=category&id=140&subid=1726&refine=battery,Dell owner's manual lists 3-cell 54 Wh. DR02P / R73TC = 54 Wh 3-cell; GRWKG / JTG7N = 42 Wh 3-cell.,img/dell-dr02p.jpg,https://www.laptopbatteryexpress.com/Dell-DR02P-Battery-for-Latitude-5440-5540-Precisio-p/dell-dr02p.htm,,65,USB-C,5-20V up to 3.25A,LA65NM190; HA65NM190; DA65NM190,high,https://www.dell.com/support/manuals/en-us/latitude-14-5450-laptop/latitude-5450-owners-manual/power-adapter?guid=guid-e7a7b6ae-1bad-425b-a2e6-6ed57b06baef&lang=en-us,"Dell manual lists 60W ultralight mini, 65W and 100W USB-C options. 65W is the standard shipped adapter."
Dell,Latitude 5520,,WY9DX,WY9DX; RJ40G,42,3,medium,https://www.dellpartssource.com/products/dell-latitude-5420-5520-precision-3560-3-cell-42wh-battery-wy9dx.html,WY9DX = 42 Wh 3-cell 11.4 V; RJ40G = 63 Wh 4-cell 15.2 V.,img/dell-wy9dx.jpg,https://www.parts-people.com/index.php?action=item&id=35697,,65,USB-C,5-20V up to 3.25A (20V 3.25A),LA65NM170; HA65NM190; 0M1WCF; LA90PM170,high,https://www.dell.com/support/manuals/en-us/latitude-15-5520-laptop/5520_sp15_setupspecs/power-adapter?guid=guid-857c10c4-0b20-4460-862b-67065a53230a&lang=en-us,"Options: 65 W USB-C (standard), 90 W USB-C (20V 4.5A), 130 W USB-C (20V 6.5A) for discrete GPU configs. Part numbers from own knowledge. Part number detail: LA90PM170: 90W."
Dell,Latitude 5531,,GRT01,GRT01,64,4,medium,https://www.laptopbatteryexpress.com/Dell-Latitude-5531-Battery-p/dell-grt01-5531.htm,"GRT01 = 64 Wh 4-cell 15.2 V (DP/N R05P0, 0P3TJ, VXD57). Dell manual also lists a 6-cell 97 Wh option; its part number was not found.",img/dell-grt01.jpg,https://www.ifixit.com/products/dell-grt01-battery,,130,USB-C,"5-20V up to 6.5A (USB-C PD, 20V 6.5A)",HA130PM170; DA130PM170; 0K00F5; 0M0H25,high,https://www.dell.com/support/manuals/en-us/latitude-15-5531-laptop/lati-5531-setupandspecs/power-adapter?guid=guid-734fb61c-7d03-4130-b047-91788f27d9bd&lang=en-us,"130W USB-C for discrete graphics configs; 90W USB-C (20V 4.5A, LA90PM170 / HA90PM170) supported only in UMA configuration"
Dell,Latitude 7220 Rugged Extreme Tablet,,J7HTX,J7HTX; 2JT7D,34,2,medium,https://www.parts-people.com/index.php?action=item&id=28665,34 Wh 2-cell 7.6 V. Dell part 2JT7D; type J7HTX (shared with 7202/7212). Tablet takes two hot-swap batteries.,img/dell-j7htx.jpg,https://www.parts-people.com/index.php?action=item&id=28664,,45,Dell 4.5mm barrel,19.5V 2.31A,LA45NM140; HA45NM140; 0KXTTW; 0JHJX0,high,https://www.dell.com/support/manuals/en-us/latitude-12-7220-tablet/latitude_7220_setup_specs/power-adapter?guid=guid-11d74fb5-085f-40ef-977c-cd0827ddfec1&lang=en-us,Dell manual lists E4 45W (19.5V 2.31A) and E5 90W (19.5V 4.62A; 4.5 mm; LA90PM130 / RT74M) options. Tablet also charges over USB-C. 4.5 mm tip confirmed by parts-people OEM listing.
Dell,Latitude 7230 Rugged Extreme Tablet,,6WVHD,6WVHD; JM6CX,35.6,2,medium,https://www.parts-people.com/index.php?action=item&id=40340,"35.6 Wh 2-cell 7.6 V. DP/N JM6CX, VDDJY; Dell SKU 451-BDDY.",img/dell-6wvhd.jpg,https://www.parts-people.com/index.php?action=item&id=40339,Parts-People OEM listing with SKU 6WVHD; image file is named after equivalent Dell DPN JM6CX (same pack),65,USB-C,5-20V up to 3.25A (20V 3.25A / 15V 3A / 9V 3A / 5V 3A),LA65NM190; HA65NM190,high,https://www.dell.com/support/manuals/en-us/latitude-12-7230-rugged-laptop/lati-7230-rugged-setup-and-specifications/power-adapter?guid=guid-734fb61c-7d03-4130-b047-91788f27d9bd&lang=en-us,Dell manual lists 65 W USB-C (standard) and 90 W USB-C (20V 4.5A) options. Part numbers are the common Dell 65 W USB-C adapters; the Dell page does not list them.
Dell,Latitude 7310,,35J09,35J09; JHT2H,39,3,medium,https://www.parts-people.com/index.php?action=item&id=35709,"35J09 = 39 Wh 3-cell 11.4 V (DP/N YJ9RP, 7YX5Y, 09YYF, W65XD); JHT2H = 52 Wh 4-cell 7.6 V (DP/N 7CXN6, 4V5X2, HRGYV, X825P).",img/dell-35j09.jpg,https://www.parts-people.com/index.php?action=item&id=35709,,65,USB-C,5-20V up to 3.25A,LA65NM170; HA65NM170; DA65NM170; 0M1WCF; 0JYJNW,high,https://www.dell.com/support/manuals/en-us/latitude-13-7310-2-in-1-laptop/lati_7310_ss/power-adapter?guid=guid-2ea7ebaa-0143-4c05-803f-5015bfcb4e67&lang=en-us,Dell manual lists two USB-C options: 65 W (3.25 A) standard and 90 W (4.5 A). Part numbers from Dell 65W USB-C adapter listings (Amazon/Walmart HA65NM190 also fits).
Dell,Latitude 7320,,9JM71,9JM71; 7FMXV,42,3,medium,https://www.parts-people.com/index.php?action=item&id=36164,"Laptop (not Detachable). 9JM71 = 42 Wh 3-cell; 7FMXV = 63 Wh 4-cell (DP/N 4M1JN, 1PP63, TN2GY). The 7320 Detachable uses 9F4FN 40 Wh 2-cell.",img/dell-9jm71.jpg,https://www.ifixit.com/products/dell-9jm71-laptop-battery,,65,USB-C,5-20V up to 3.25A,LA65NM190; HA65NM190; DA65NM190,high,https://www.dell.com/support/manuals/en-us/latitude-13-7320-2-in-1-laptop/latitude_7320_specs/power-adapter?guid=guid-c617e7ec-47d3-497e-97db-af2b31bc6f08&lang=en-us,Dell manual lists 65W USB-C (standard) and 90W USB-C (optional; 20V 4.5A; LA90PM170 / HA90PM170). Applies to Latitude 7320 laptop and 7320 2-in-1.
Dell,Latitude 7330,,M69D0,M69D0; 293F1; 07KRV; FK0VR,41,3,medium,https://www.parts-people.com/index.php?action=category&id=140&subid=1577&refine=battery,Dell manual: 3-cell 41 Wh 11.25 V or 4-cell 58 Wh 15.2 V. M69D0 / 293F1 = 41 Wh 3-cell; 07KRV / FK0VR = 58 Wh 4-cell.,img/dell-m69d0.jpg,https://www.parts-people.com/index.php?action=item&id=38772,,65,USB-C,5-20V up to 3.25A (20V 3.25A),LA65NM170; HA65NM190; 0M1WCF,high,https://www.dell.com/support/manuals/en-us/latitude-13-7330-2-in-1-laptop/lat-7330_sg-specs/power-adapter?guid=guid-96352d8f-1ca2-4a1a-821c-019aa25158e0&lang=en-us,"Options: 60 W USB-C small form factor (20V 3A), 65 W USB-C (standard), 90 W USB-C (20V 4.5A). Part numbers from own knowledge."
Dell,Latitude 7400,,0G74G,0G74G; MXV9V,42,3,medium,https://www.parts-people.com/index.php?action=category&id=140&subid=1293&refine=battery,0G74G = 42 Wh 3-cell; MXV9V = 60 Wh 4-cell. NF2MW 52 Wh 4-cell and 7146W 78 Wh 6-cell are for the 7400 2-in-1.,img/dell-0g74g.jpg,https://www.parts-people.com/index.php?action=item&id=31359,,65,Dell 7.4mm barrel,19.5V 3.34A,LA65NM130; HA65NM130; 0MGJN9,high,https://www.dell.com/support/manuals/en-us/latitude-14-7400-laptop/lat7400_setup_specifications/power-adapter?guid=guid-31a9a41b-325e-405d-9a67-4274bc03803d&lang=en-us,"Dell manual lists E5 65W 7.4 mm barrel as standard; also 90W 7.4 mm barrel, and 65W / 90W USB-C options (LA65NM170 / LA90PM170)"
Dell,Latitude 7410,,35J09,35J09; JHT2H; Y7HR3,39,3,medium,https://www.parts-people.com/index.php?action=category&id=140&subid=1404&refine=battery,"35J09 = 39 Wh 3-cell; JHT2H = 52 Wh 4-cell; Y7HR3 = 68 Wh 6-cell (DP/N XMV7T, WY9MP).",img/dell-35j09.jpg,https://www.parts-people.com/index.php?action=item&id=35709,,65,USB-C,5-20V up to 3.25A,LA65NM170; HA65NM170; DA65NM170; 0JYJNW,high,https://www.dell.com/support/manuals/en-us/latitude-14-7410-2-in-1-laptop/lati_7410_ss/power-adapter?guid=guid-2ea7ebaa-0143-4c05-803f-5015bfcb4e67&lang=en-us,Dell manual lists 65W and 90W USB-C options. 65W is the standard ship.
Dell,Latitude 14 Rugged Extreme 7414,Latitude 7414,9WMN7,9WMN7; CJ2K1; DKNKD,65,6,medium,https://www.parts-people.com/index.php?action=category&id=140&subid=593&refine=battery,9WMN7 (DP/N 23MR0) and CJ2K1 (DP/N 80D45) = 65 Wh 6-cell; DKNKD (DP/N W11Y7) = 97 Wh 9-cell.,img/dell-9wmn7.jpg,https://www.parts-people.com/index.php?action=item&id=30969,,65,Dell 7.4mm barrel,19.5V 3.34A,LA65NM130; DA65NM111-00; LA90PM111,high,https://www.dell.com/support/manuals/en-us/latitude-14-7414-laptop/7414om/adapter-specifications?guid=guid-5a7b393a-73d4-4797-91d2-6e79a34c314d&lang=en-us,Dell Owner's Manual lists 65 W and 90 W (19.5V 4.62A) adapters. Many rugged configs shipped with the 90 W adapter. The manual does not state the connector size; the 7414 uses the standard Dell 7.4 mm barrel. Part number detail: LA65NM130: DP/N 06TM1C; DA65NM111-00: PA-12; LA90PM111: 90 W.
Dell,Latitude 7420,,7FMXV,7FMXV; MHR4G; 9JM71,63,4,medium,https://www.parts-people.com/index.php?action=item&id=36164,"7FMXV = 63 Wh 4-cell 15.2 V (DP/N 4M1JN, 1PP63, TN2GY; MHR4G listed as an equivalent). 9JM71 = 42 Wh 3-cell.",img/dell-7fmxv.jpg,https://www.dellpartssource.com/products/dell-latitude-5320-7320-7420-7520-63wh-4-cell-laptop-battery-7fmxv.html,,65,USB-C,5-20V up to 3.25A,HA65NM190; LA65NM190; DA65NM170; 0JYJNW; 0M1WCF,high,https://www.dell.com/support/manuals/en-us/latitude-14-7420-laptop/latitude_7420_specs/power-adapter?guid=guid-c617e7ec-47d3-497e-97db-af2b31bc6f08&lang=en-us,"Dell manual lists 65 W USB-C (standard, 20V 3.25A) and 90 W USB-C (20V 4.5A) options. Part numbers from third-party listings for the Dell 65W USB-C adapter."
Dell,Latitude 7424 Rugged Extreme,,7WNW1,7WNW1,51,3,medium,https://www.parts-people.com/index.php?action=item&id=31907,"Dell manual: 3-cell 51 Wh 11.4 V (ExpressCharge or Long-Life Cycle). DP/N DMF0C, 6NNCF, DP3KF, GK3D3. Two hot-swap bays.",img/dell-7wnw1.jpg,https://www.ifixit.com/products/dell-latitude-7wnw1-battery,,90,Dell 7.4mm barrel,19.5V 4.62A,LA90PM111; HA90PE1-00; DA90PM111,high,https://www.dell.com/support/manuals/en-us/latitude-14-7424-laptop/lati7424_rugged_extereme_setup_specifcations/power-adapter?guid=guid-f13b597f-cdb9-4650-9248-a5fb9290febc&lang=en-us,Dell manual lists 90W and 130W (19.5V 6.7A; LA130PM121 / HA130PM130) 7.4mm barrel adapters; 130W ships with discrete GPU configs. USB-C PD charging is also supported.
Dell,Latitude 7430,,293F1,293F1; M69D0; 07KRV; FK0VR,41,3,medium,https://www.parts-people.com/index.php?action=item&id=38898,"293F1 (DP/N 51R71, MC2W8, 404T8, 01VX5, 95T1F) / M69D0 = 41 Wh 3-cell 11.25 V; 07KRV / FK0VR = 58 Wh 4-cell 15.2 V.",img/dell-293f1.jpg,https://www.ifixit.com/products/dell-293f1-battery,,65,USB-C,5-20V up to 3.25A (20V 3.25A),LA65NM170; HA65NM190; 0M1WCF,high,https://www.dell.com/support/manuals/en-us/latitude-14-7430-2-in-1-laptop/lat-7430_sg-specs/power-adapter?guid=guid-96352d8f-1ca2-4a1a-821c-019aa25158e0&lang=en-us,Options: 60 W USB-C small form factor (20V 3A) or 65 W USB-C (standard). Part numbers from own knowledge.
Dell,Latitude 7440 laptop (aluminium),,WW8N8,WW8N8; 66DWX; FH97R,57,3,medium,https://www.parts-people.com/index.php?action=item&id=39727,"WW8N8 (Long Life Cycle, DP/N 047T0, V0W55) and 66DWX (DP/N 86D0Y, JNYT4, 0HYH8, CTJJ6) = 57 Wh 3-cell 11.4 V; FH97R (DP/N 599M7) = 38 Wh 2-cell 7.6 V.",img/dell-ww8n8.jpg,https://www.parts-people.com/index.php?action=item&id=39726,Dell OEM WW8N8 57Wh page; photo file is named for equivalent DP/N 047T0. Alt: https://www.laptopbatteryexpress.com/v/vspfiles/photos/DELL-WW8N8-2T.jpg,65,USB-C,"5-20V up to 3.25A (USB-C PD, 20V 3.25A)",HA65NM190; LA65NM190; 0M1WCF; LA65NM191,high,https://www.dell.com/support/manuals/en-us/latitude-14-7440-2-in-1-laptop/lati_7440_setupspecs/power-adapter?guid=guid-ef351075-5e05-4e81-a487-111601329de4&lang=en-us,"Dell manual lists 60W, 65W and 100W USB-C adapters; 60W (20V 3A, LA60NM191) and 100W (20V 5A, LA100PM220 / HA100PM220) are config options"
Dell,Latitude 7450 laptop (aluminium),,WW8N8,WW8N8; 66DWX; FH97R,57,3,medium,https://www.parts-people.com/index.php?action=item&id=39727,Dell manual: 3-cell 57 Wh 11.4 V or 2-cell 38 Wh 7.6 V. WW8N8 / 66DWX = 57 Wh 3-cell; FH97R = 38 Wh 2-cell.,img/dell-ww8n8.jpg,https://www.parts-people.com/index.php?action=item&id=39726,Dell OEM WW8N8 57Wh page; photo file is named for equivalent DP/N 047T0. Alt: https://www.laptopbatteryexpress.com/v/vspfiles/photos/DELL-WW8N8-2T.jpg,65,USB-C,5-20V up to 3.25A,LA65NM190; HA65NM190; 0VWVW7,high,https://www.dell.com/support/manuals/en-us/latitude-14-7450-2-in-1-laptop/latitude_7450_om/power-adapter?guid=guid-513bfb33-8ac9-4de2-a612-8faa87359675&lang=en-us,Dell manual lists 60W (20V 3A; LA60NM230 compact GaN); 65W and 100W (20V 5A) USB-C options. 65W is the standard ship.
Dell,Latitude 7490,,DJ1J0,DJ1J0; F3YGT,42,3,medium,https://www.ifixit.com/products/dell-f3ygt-battery,"DJ1J0 = 42 Wh 3-cell 11.4 V (DP/N PGFX4, C27RW, 9W9MX); F3YGT = 60 Wh 4-cell 7.6 V (DP/N DM3WC, 2X39G, KG7VF).",img/dell-dj1j0.jpg,https://www.serverblink.com/dj1j0-dell-latitude-7290-7380-7480-7490-3-cell-42wh-laptop-battery/,,65,Dell 7.4mm barrel,19.5V 3.34A,LA65NM130; HA65NM130; DA65NM130,high,https://www.dell.com/support/manuals/en-us/latitude-13-7390-laptop/latitude_7290_7390_7490_tgb/power-adapters?guid=guid-712d6683-c22c-4ed4-800f-4a6de6841495&lang=en-us,Dell Technical Guidebook lists E5 65 W (standard) and E5 90 W (19.5V 4.62A) adapters. Connector is the 7.4 mm x 5.0 mm Dell barrel. The laptop can also charge over USB-C. Part number detail: LA65NM130: DP/N 06TM1C; HA65NM130: DP/N 0JNKWD.
Dell,Latitude 7520,,7FMXV,7FMXV; 9JM71,63,4,medium,https://www.parts-people.com/index.php?action=category&id=140&subid=1467&refine=battery,7FMXV = 63 Wh 4-cell 15.2 V; 9JM71 = 42 Wh 3-cell 11.4 V.,img/dell-7fmxv.jpg,https://www.dellpartssource.com/products/dell-latitude-5320-7320-7420-7520-63wh-4-cell-laptop-battery-7fmxv.html,,65,USB-C,5-20V up to 3.25A,HA65NM190; LA65NM190; DA65NM170; 0JYJNW; 0M1WCF,high,https://www.dell.com/support/manuals/en-us/latitude-15-7520-laptop/lati7520_ss/power-adapter?guid=guid-c617e7ec-47d3-497e-97db-af2b31bc6f08&lang=en-us,"Dell manual lists 65 W USB-C (standard, 20V 3.25A) and 90 W USB-C (20V 4.5A) options. Part numbers from third-party listings for the Dell 65W USB-C adapter."
Dell,Latitude 7640,,WW8N8,WW8N8; 66DWX; FH97R,57,3,medium,https://www.parts-people.com/index.php?action=category&id=140&subid=1649&refine=battery,WW8N8 / 66DWX = 57 Wh 3-cell 11.4 V; FH97R = 38 Wh 2-cell 7.6 V. Same batteries as Latitude 7440/7340.,img/dell-ww8n8.jpg,https://www.parts-people.com/index.php?action=item&id=39726,Dell OEM WW8N8 57Wh page; photo file is named for equivalent DP/N 047T0. Alt: https://www.laptopbatteryexpress.com/v/vspfiles/photos/DELL-WW8N8-2T.jpg,65,USB-C,5-20V up to 3.25A,LA65NM190; HA65NM190; DA65NM190,high,https://www.dell.com/support/manuals/en-us/latitude-16-7640-laptop/lati_7640_setupspecs/power-adapter?guid=guid-d2dc8249-e989-4465-b4a4-fafa539bcc50&lang=en-us,"Dell manual lists 60W, 65W and 100W (20V 5A) USB-C options. 65W is the standard shipped adapter."
Dell,Latitude 9520,,V5K68,V5K68; TVKGH; N7HT0,48.5,4,medium,https://www.parts-people.com/index.php?action=category&id=140&subid=1494&refine=battery,"V5K68 = 48.5 Wh 4-cell 7.6 V (DP/N F68NR, 0G52H); TVKGH = 88 Wh 6-cell (shared with 9510); N7HT0 = 52 Wh 4-cell (per iFixit, DP/N 08NFC7).",img/dell-v5k68.jpg,https://www.parts-people.com/index.php?action=item&id=38726,,65,USB-C,5-20V up to 3.25A (20V 3.25A),DA65NM170; 0JYJNW; LA65NM170,high,https://www.dell.com/support/manuals/en-us/latitude-15-9520-2-in-1-laptop/latitude_9520_setupspecs/power-adapter?guid=guid-d9f40de4-6149-47ba-9ab2-10decc750a00&lang=en-us,"Options: 60 W USB-C (20V 3A), 65 W USB-C (standard), 90 W USB-C (20V 4.5A). Part numbers from sparepartworld/usalaptopbattery listings."
Dell,Precision 3541 (15.6in mobile workstation),,3HWPP,3HWPP; R8D7N; 1FXDH,68,4,high,https://www.dell.com/support/manuals/en-us/precision-15-3541-laptop/precision_3541_setupspecs/battery?guid=guid-506afcfc-a6bf-46a1-ad63-94df81055549&lang=en-us,Dell manual lists 3 sizes: 3HWPP = 4-cell 68 Wh 15.2 V (most common); R8D7N = 3-cell 51 Wh 11.4 V; 1FXDH = 6-cell 97 Wh 11.4 V (M.2-only configs). Part codes from parts-people.com.,img/dell-3hwpp.jpg,https://www.ifixit.com/products/dell-3hwpp-laptop-battery,,130,Dell 7.4mm barrel,19.5V 6.7A,HA130PM130; DA130PM130; LA130PM121; 0RN7NN,high,https://www.dell.com/support/manuals/en-us/precision-15-3541-laptop/precision_3541_setupspecs/power-adapter?guid=guid-1aa2477f-e41b-482d-9cf7-e5d81bbd5a52&lang=en-us,"Dell manual lists E4 130W (discrete Quadro configs) and E5 90W (19.5V 4.62A, LA90PM111 / HA90PE1-00) 7.4 mm barrel adapters"
Dell,Precision 3551 (15.6in mobile workstation),,3HWPP,3HWPP; R8D7N; 1FXDH,68,4,high,https://www.dell.com/support/manuals/en-us/precision-15-3551-laptop/precision_3551_specs/battery?guid=guid-a2d1fddd-a46d-450e-9423-4a883188eefb&lang=en-us,Dell manual lists 3 sizes: 3HWPP = 4-cell 68 Wh 15.2 V (most common); R8D7N = 3-cell 51 Wh; 1FXDH = 6-cell 97 Wh (no 2.5in drive). Part codes from parts-people.com.,img/dell-3hwpp.jpg,https://www.ifixit.com/products/dell-3hwpp-laptop-battery,,130,USB-C,20V 6.5A (also 5V 1A),HA130PM170; LA130PM170; DA130PM170; 0K00F5,high,https://www.dell.com/support/manuals/en-us/precision-15-3551-laptop/precision_3551_specs/power-adapter?guid=guid-9d107be3-39ce-402d-b6c6-93a0ec634480&lang=en-us,Dell manual lists 90W 7.4 mm barrel (19.5V 4.62A; LA90PM111 / HA90PE1-00 / 0Y4M8K) for integrated graphics configs and 130W USB-C for discrete graphics configs.
Dell,Precision 5480 (14in mobile workstation),,P83V9,P83V9; YXP8T; CDTT2,72,4,high,https://www.dell.com/support/manuals/en-us/precision-14-5480-laptop/precision-5480-setup-and-specifications/battery?guid=guid-c11a821b-01ce-44c5-aed5-444b4c1772a5&lang=en-us,"Single option: 4-cell 72 Wh 15.4 V. Type P83V9, DP/N YXP8T or CDTT2 (parts-people.com). Shared with Precision 5470/5490.",img/dell-p83v9.jpg,https://www.parts-people.com/index.php?action=item&id=40205,,130,USB-C,20V 6.5A / 5V 1A (USB-C PD),HA130PM170; LA130PM170; HA100PM190,high,https://www.dell.com/support/manuals/en-us/precision-14-5480-laptop/precision-5480-setup-and-specifications/power-adapter?guid=guid-734fb61c-7d03-4130-b047-91788f27d9bd&lang=en-us,Dell manual lists 130 W USB-C for configs with a discrete GPU and 100 W USB-C (20V 5A) for UMA-only configs. The 130 W adapter is the common workstation config. Part number detail: HA130PM170: DP/N 0K00F5; HA100PM190: 100 W.
Dell,Precision 5530 (15.6in mobile workstation),,6GTPY,6GTPY; H5H20,97,6,medium,https://www.cdw.com/product/total-micro-battery-dell-precision-5520-5530-5540-6-cell-97whr/6366487,6GTPY = 6-cell 97 Wh (fills the 2.5in drive bay); H5H20 = 3-cell 56 Wh (configs with a 2.5in drive). Both 11.4 V. Shared with XPS 15 9560/9570.,img/dell-6gtpy.jpg,https://www.ifixit.com/products/dell-g6tpy-replacement-battery,,130,Dell 4.5mm barrel,19.5V 6.67A,HA130PM130; DA130PM130; 0RN7NW; 06TTY6; 332-1829,high,https://www.dell.com/support/manuals/en-us/precision-15-5530-laptop/preci5530_setupandspec/power-adapter?guid=guid-b990a8bd-a3c5-464e-9e91-65596fbe301f&lang=en-us,"Dell manual lists one adapter: 130 W, 19.5 VDC 6.67 A. XPS 15/Precision 5530 use the 4.5 mm x 3.0 mm small barrel (not 7.4 mm). Part numbers from coywood/CDW listings."
Dell,Precision 5540 (15.6in mobile workstation),,6GTPY,6GTPY; H5H20,97,6,medium,https://www.cdw.com/product/total-micro-battery-dell-precision-5520-5530-5540-6-cell-97whr/6366487,6GTPY = 6-cell 97 Wh; H5H20 = 3-cell 56 Wh (configs with a 2.5in drive). Both 11.4 V. Shared with XPS 15 7590.,img/dell-6gtpy.jpg,https://www.ifixit.com/products/dell-g6tpy-replacement-battery,,130,Dell 4.5mm barrel,19.5V 6.67A,DA130PM130; HA130PM130; LA130PM121,high,https://www.dell.com/support/manuals/en-us/precision-15-5540-laptop/5540_setup_specs/power-adapter?guid=guid-b990a8bd-a3c5-464e-9e91-65596fbe301f&lang=en-us,"Dell manual lists one 130W adapter with a 4.5mm barrel connector (4.5mm outer / 3.0mm inner, centre pin)."
Dell,Precision 5550 (15.6in mobile workstation),,69KF2,69KF2; 8FCTC,86,6,medium,https://www.cdw.com/product/total-micro-battery-dell-precision-5550-5560-5570-6-cell-86whr/6366463,"69KF2 = 6-cell 86 Wh (DP/N M59JH, 70N2F); 8FCTC = 3-cell 56 Wh (DP/N P8P1P, DVG8M). Both 11.4 V. Shared with XPS 15 9500.",img/dell-69kf2.jpg,https://www.dellpartssource.com/products/dell-g15-5530-5520-5525-5521-inspiron-16-plus-7620-6-cell-86wh-battery-69kf2.html,,130,USB-C,20V 6.5A (5V 1A),DA130PM170; HA130PM170; 0M0H25; 0K00F5; LA90PM170,high,https://www.dell.com/support/manuals/en-us/precision-15-5550-laptop/precision_5550_setupspecs/power-adapter?guid=guid-c051207d-b207-489b-a4cb-d335f3001fe7&lang=en-us,130 W USB-C ships with discrete NVIDIA GPU configs (the common config); 90 W USB-C (20V 4.5A) ships with UMA Intel-graphics configs. Part numbers from own knowledge. Part number detail: LA90PM170: 90W UMA.
Dell,Precision 5560 (15.6in mobile workstation),,69KF2,69KF2; 8FCTC,86,6,medium,https://www.cdw.com/product/total-micro-battery-dell-precision-5550-5560-5570-6-cell-86whr/6366463,69KF2 = 6-cell 86 Wh; 8FCTC = 3-cell 56 Wh. Both 11.4 V. Shared with XPS 15 9510.,img/dell-69kf2.jpg,https://www.dellpartssource.com/products/dell-g15-5530-5520-5525-5521-inspiron-16-plus-7620-6-cell-86wh-battery-69kf2.html,,130,USB-C,20V 6.5A / 5V 1A (USB-C PD),HA130PM170; DA130PM170; 0K00F5; 0M0H25,high,https://www.dell.com/support/manuals/en-us/precision-15-5560-laptop/prec5560_ss/power-adapter?guid=guid-2ea7ebaa-0143-4c05-803f-5015bfcb4e67&lang=en-us,"Dell manual: 130W USB-C with discrete graphics (most configs); 90W USB-C (20V 4.5A, LA90PM170 / HA90PM170) with UMA graphics"
Dell,Precision 5570 (15.6in mobile workstation),,69KF2,69KF2; 8FCTC,86,6,medium,https://www.cdw.com/product/total-micro-battery-dell-precision-5550-5560-5570-6-cell-86whr/6366463,69KF2 = 6-cell 86 Wh; 8FCTC = 3-cell 56 Wh. Both 11.4 V. Shared with XPS 15 9520.,img/dell-69kf2.jpg,https://www.dellpartssource.com/products/dell-g15-5530-5520-5525-5521-inspiron-16-plus-7620-6-cell-86wh-battery-69kf2.html,,130,USB-C,20V 6.5A (also 5V 1A),HA130PM170; LA130PM170; DA130PM170; 0K00F5,high,https://www.dell.com/support/manuals/en-us/precision-15-5570-laptop/precision-5570-setup-and-specifications/power-adapter?guid=guid-2ea7ebaa-0143-4c05-803f-5015bfcb4e67&lang=en-us,Dell manual lists 90W USB-C (20V 4.5A; LA90PM170 / HA90PM170) for integrated graphics configs and 130W USB-C for discrete graphics configs.
Dell,Precision 7540 (15.6in mobile workstation),,NYFJH,NYFJH; 5TF10,97,6,medium,https://www.parts-people.com/index.php?action=item&id=28517,"NYFJH = 6-cell 97 Wh 11.4 V (DP/N GW0K9, 0WMRC); 5TF10 = 4-cell 64 Wh. Shared with Precision 7530/7730/7740.",img/dell-nyfjh.jpg,https://www.parts-people.com/index.php?action=item&id=28516,Parts-People OEM listing with SKU NYFJH; image file is named after equivalent Dell DPN 0WMRC (same 97Wh pack),180,Dell 7.4mm barrel,19.5V 9.23A,DA180PM111; LA180PM180; LA240PM180,high,https://www.dell.com/support/manuals/en-us/precision-15-7540-laptop/precision_7540_setupspecs/power-adapter?guid=guid-5a86fcd1-ce3f-4ccc-a990-f468437723b3&lang=en-us,Dell Setup and Specifications lists the 180 W adapter. A 240 W adapter (19.5V 12.3A) ships with high-end GPU configs. Connector is the Dell 7.4 mm x 5.0 mm barrel. Part number detail: DA180PM111: DP/N 0WW4XY; LA240PM180: 240 W.
Dell,Precision 7550 (15.6in mobile workstation),,PKWVM,PKWVM; C903V,95,6,high,https://www.dell.com/en-us/shop/dell-95whr-6-cell-primary-battery-for-precision-7550-7750/apd/453-bbcq/pc-accessories,"PKWVM = 6-cell 95 Wh (DP/N 68ND3, CR72X; Dell SKU 453-BBCQ); C903V = 6-cell 68 Wh (DP/N 447VR, 17C06). Both 11.4 V. Dell 7560 manual lists the same 68/95 Wh options.",img/dell-pkwvm.jpg,https://www.parts-people.com/index.php?action=item&id=35449,,180,Dell 7.4mm barrel,19.5V 9.23A,DA180PM111; 074X5J; 0WW4XY; 0DW5G3; 0JVF3V,high,https://www.dell.com/support/manuals/en-us/precision-15-7550-laptop/precision_7550_specs/power-adapter?guid=guid-c83ca00b-7a1a-4826-b6b0-19971991ddf7&lang=en-us,"Dell manual lists one adapter: 180 W, 7.40 mm connector, 19.5 VDC 9.23 A. Part numbers from parts-people/Amazon listings (ADP-180MB B family)."
Dell,Precision 7560 (15.6in mobile workstation),,PKWVM,PKWVM; C903V,95,6,high,https://www.dell.com/support/manuals/en-us/precision-15-7560-laptop/precision_7560_specs/battery?guid=guid-21dbab6d-bfb2-4bfa-908b-ffa375c3bf01&lang=en-us,"Dell manual: 6-cell 68 Wh and 6-cell 95 Wh (also 95 Wh LCL). PKWVM = 95 Wh (DP/N 68ND3, CR72X); C903V = 68 Wh (DP/N 447VR, 17C06). Codes from parts-people.com.",img/dell-pkwvm.jpg,https://www.parts-people.com/index.php?action=item&id=35449,,180,Dell 7.4mm barrel,19.5V 9.23A,DA180PM111; HA180PM180; LA180PM180,high,https://www.dell.com/support/manuals/en-us/precision-15-7560-laptop/precision_7560_specs/power-adapter?guid=guid-19e09309-d29c-4518-9adb-6b78a6116ef3&lang=en-us,"Dell manual lists one adapter type: 180W E5 DC-in, 7.4mm barrel (7.4mm outer / 5.1mm inner). A 240W 7.4mm adapter (19.5V 12.3A; LA240PM160 / HA240PM180) is sold for high-end GPU configs."
Dell,Precision 7670 (16in mobile workstation),,X9FTM,X9FTM; RCVVT,93,6,high,https://www.dell.com/support/manuals/en-us/precision-16-7670-laptop/precision_7670_ss/battery?guid=guid-5326c78f-c296-4946-8f58-aa4950a21d67&lang=en-us,"X9FTM = 6-cell 93 Wh (DP/N 965V4, 5JMD8); RCVVT = 6-cell 83 Wh (DP/N X26RT, NWDC0). Both 11.55 V. Codes from parts-people.com.",img/dell-x9ftm.jpg,https://www.parts-people.com/index.php?action=item&id=38773,,240,Dell 7.4mm barrel,19.5V 12.3A,LA240PM180; 0PJPT7; DA180PM180; 0DW5RF,high,https://www.dell.com/support/manuals/en-us/precision-16-7670-laptop/precision_7670_ss/power-adapter?guid=guid-f26b1c4b-c8be-4a81-9936-781588327ef5&lang=en-us,Options: 180 W 7.4 mm SFF (19.5V 9.23A) for lower GPU configs or 240 W 7.4 mm SFF for high-end GPU configs. Part numbers from own knowledge. Part number detail: DA180PM180: 180W; 0DW5RF: 180W.
Dell,Precision 7680 (16in mobile workstation),,X9FTM,X9FTM; RCVVT,93,6,high,https://www.dell.com/support/manuals/en-us/precision-16-7680-laptop/precision_7680_ss/battery?guid=guid-444d4077-4502-4899-830b-b210bf0a3342&lang=en-us,"Dell manual: 6-cell 83 Wh and 6-cell 93 Wh (each also as LCL). X9FTM = 93 Wh (DP/N 965V4, 5JMD8); RCVVT = 83 Wh (DP/N X26RT, NWDC0). 11.55 V.",img/dell-x9ftm.jpg,https://www.parts-people.com/index.php?action=item&id=38773,,240,Dell 7.4mm barrel,19.5V 12.31A,HA240PM200; LA240PM200; DA240PM200; 0R4P0K,high,https://www.dell.com/support/manuals/en-us/precision-16-7680-laptop/precision_7680_ss/power-adapter?guid=guid-f26b1c4b-c8be-4a81-9936-781588327ef5&lang=en-us,"Dell manual lists 180W (19.5V 9.23A, HA180PM210) and 240W 7.4 mm barrel adapters; 240W ships with RTX 3500/4000/5000 Ada configs, 180W with lower GPUs"
Dell,Vostro 14 5410,,V6W33,V6W33; G91J0,54,4,medium,https://www.parts-people.com/index.php?action=item&id=37185,"V6W33 = 4-cell 54 Wh 15 V (DP/N XDY9K, MVK11); G91J0 = 3-cell 41 Wh 11.25 V (DP/N FH3K2, MGCM5). Shared across Vostro/Inspiron/Latitude 3000-5000 2021 chassis.",img/dell-v6w33.jpg,https://www.laptopbatteryexpress.com/Dell-V6W33-battery-for-Inspiron-13-5310-p/dell-v6w33.htm,,65,Dell 4.5mm barrel,19.5V 3.34A,LA65NS2-01; HA65NS5-00; 0MGJN9; 06TFFF,high,https://www.dell.com/support/manuals/en-us/vostro-14-5410-laptop/vostro14_5410_tglu_setupandspecs/power-adapter?guid=guid-24ce31a2-4fb9-4739-9d84-d2b4ea81f5fd&lang=en-us,Dell manual: 65W barrel type; 4.5 mm x 2.9 mm.
Dell,Vostro 15 5510,,V6W33,V6W33; G91J0,54,4,medium,https://www.parts-people.com/index.php?action=item&id=37185,V6W33 = 4-cell 54 Wh 15 V; G91J0 = 3-cell 41 Wh 11.25 V. Same packs as Vostro 5410 and Inspiron 15 5510.,img/dell-v6w33.jpg,https://www.laptopbatteryexpress.com/Dell-V6W33-battery-for-Inspiron-13-5310-p/dell-v6w33.htm,,65,Dell 4.5mm barrel,19.5V 3.34A,LA65NS2-01; HA65NS5-00,high,https://www.dell.com/support/manuals/en-us/vostro-15-5510-laptop/vostro15_5510_tglu_setupandspecs/power-adapter?guid=guid-24ce31a2-4fb9-4739-9d84-d2b4ea81f5fd&lang=en-us,"Dell manual lists a 65 W barrel adapter, 4.5 mm outer / 2.9 mm inner diameter. The laptop can also charge over USB-C. Part number detail: LA65NS2-01: DP/N 0G4X7T; HA65NS5-00: DP/N 0MGJN9."
Dell,Vostro 13 5320,Vostro 5320,V6W33,V6W33; G91J0,54,4,high,https://www.dell.com/en-us/shop/dell-4-cell-54-wh-lithium-ion-replacement-battery-for-select-laptops/apd/cpx-xdy9k/pc-accessories,"Dell store lists the 4-cell 54 Wh pack (DP/N XDY9K, type V6W33) as compatible with Vostro 13 5320. G91J0 = 3-cell 41 Wh alternative in the same chassis family.",img/dell-v6w33.jpg,https://www.laptopbatteryexpress.com/Dell-V6W33-battery-for-Inspiron-13-5310-p/dell-v6w33.htm,,65,USB-C,5-20V up to 3.25A,HA65NM170; HKA65NM200; DA65NM170; 0M1WCF; 0JYJNW; 0VH2W4,high,https://www.dell.com/support/manuals/en-us/vostro-13-5320-laptop/vostro-13-5320-setup-and-specifications/power-adapter?guid=guid-c8435fc6-5cb4-4688-93d5-082b3c0fabb0&lang=en-us,"Dell manual lists one adapter: 65 W USB Type-C, 20V 3.25A / 15V 3A / 9V 3A / 5V 3A. Part numbers from coywood listing."
Dell,XPS 13 7390 (clamshell; not the 7390 2-in-1),,DXGH8,DXGH8; H754V; G8VCF,52,4,medium,https://www.dellpartssource.com/products/dell-xps-13-9370-9380-7390-latitude-3301-4-cell-52wh-battery-dxgh8.html,"Single option: 4-cell 52 Wh 7.6 V. Type DXGH8, DP/N H754V or G8VCF. Same pack as XPS 13 9370/9380.",img/dell-dxgh8.jpg,https://www.parts-people.com/index.php?action=item&id=28889,,45,USB-C,5-20V up to 2.25A,LA45NM150; HA45NM150; DA45NM150,high,https://www.dell.com/support/manuals/en-us/xps-13-7390-laptop/xps-7390-setup-and-specifications/power-adapter?guid=guid-5c87a38c-9c2b-4dc6-a494-8e6560d6a1dd&lang=en-us,Dell manual lists a 45W USB-C adapter (20V 2.25A). Connects to the primary Thunderbolt 3 port.
Dell,XPS 13 9300,,WN0N0,WN0N0; 722KK; 2XXFW; FP86V,52,4,medium,https://www.ifixit.com/products/dell-xps-13-9300-replacement-battery,"Single option: 4-cell 52 Wh 7.6 V. Type WN0N0; DP/N 722KK, 2XXFW, FP86V. Same pack as XPS 13 9310/9305. Some listings say 3-cell; Dell and CDW say 4-cell.",img/dell-wn0n0.jpg,https://www.laptopbatteryexpress.com/Dell-WN0N0-Battery-p/dell-fp86v-wn0n0.htm,,45,USB-C,5-20V up to 2.25A (20V 2.25A),LA45NM150; 0HDCY5; 0492-BBSH,high,https://www.dell.com/support/manuals/en-us/xps-13-9300-laptop/xps-13-9300-setup-and-specifications/power-adapter?guid=guid-b35ed7ce-5eb7-4155-b88c-c9889c095cd3&lang=en-us,Manual lists only the 45 W USB Type-C adapter. Part numbers from own knowledge.
Dell,XPS 13 9305,,WN0N0,WN0N0; 722KK; 2XXFW; FP86V,52,4,high,https://www.dell.com/support/manuals/en-us/xps-13-9305-laptop/xps-13-9305-setup-and-specifications/battery?guid=guid-f77d232d-7b2d-4e3d-961b-d97d2cdff85b&lang=en-us,"Dell manual: one option, 4-cell 52 Wh 7.6 V. Part codes from ifixit/CDW (same pack as XPS 13 9300/9310).",img/dell-wn0n0.jpg,https://www.laptopbatteryexpress.com/Dell-WN0N0-Battery-p/dell-fp86v-wn0n0.htm,,65,USB-C,"5-20V up to 3.25A (USB-C PD, 20V 3.25A)",LA65NM190; HA65NM190; 0M1WCF,high,https://www.dell.com/support/manuals/en-us/xps-13-9305-laptop/xps-13-9305-setup-and-specifications/power-adapter?guid=guid-182c70fd-3ea9-4af4-9c8c-c13a66cdafce&lang=en-us,Dell manual lists a single 65W USB Type-C adapter (20V 3.25A / 15V 3A / 9V 3A / 5V 3A)
Dell,XPS 13 9370,,DXGH8,DXGH8; H754V; G8VCF,52,4,medium,https://www.parts-people.com/index.php?action=item&id=28889,"Single option: 4-cell 52 Wh 7.6 V. Type DXGH8, DP/N H754V or G8VCF.",img/dell-dxgh8.jpg,https://www.parts-people.com/index.php?action=item&id=28889,,45,USB-C,5-20V up to 3A (20V 2.25A),LA45NM150; HA45NM150; 0HDCY5,high,https://www.dell.com/support/manuals/en-us/xps-13-9370-laptop/xps-13-9370-setupandspecs/power-adapter?guid=guid-6e3a9d71-5bf7-4b86-aa7f-e3de0012ab4d&lang=en-us,Dell manual: 45W USB Type-C; 20V 2.25A / 15V 3A / 9V 3A / 5V 3A.
Dell,XPS 15 7590,,6GTPY,6GTPY; H5H20,97,6,medium,https://www.amazon.com/OUWEE-H5H20-Compatible-Inspiron-Precision/dp/B085VYNP6J,6GTPY = 6-cell 97 Wh (no 2.5in drive); H5H20 = 3-cell 56 Wh (configs with a 2.5in drive). Both 11.4 V. Same packs as XPS 15 9570.,img/dell-6gtpy.jpg,https://www.ifixit.com/products/dell-g6tpy-replacement-battery,,130,Dell 4.5mm barrel,19.5V 6.67A,HA130PM130; DA130PM130,high,https://www.dell.com/support/manuals/en-us/xps-15-7590-laptop/xps-15-7590-setup-and-specifications/power-adapter?guid=guid-0ac35263-1ccc-4d6b-b667-55bf6f3aa185&lang=en-us,Dell manual lists a 130 W adapter with 4.5 mm x 2.9 mm barrel connector. The laptop can also charge over USB-C (Thunderbolt 3) with a 130 W Dell USB-C adapter. Part number detail: HA130PM130: DP/N 0RN7NW; DA130PM130: DP/N 06TTY6.
Dell,XPS 15 9500,,69KF2,69KF2; 8FCTC,86,6,medium,https://www.parts-people.com/index.php?action=item&id=35454,"69KF2 = 6-cell 86 Wh (DP/N M59JH, 70N2F); 8FCTC = 3-cell 56 Wh (DP/N P8P1P, DVG8M). Both 11.4 V.",img/dell-69kf2.jpg,https://www.dellpartssource.com/products/dell-g15-5530-5520-5525-5521-inspiron-16-plus-7620-6-cell-86wh-battery-69kf2.html,,130,USB-C,20V 6.5A / 5V 1A (USB-C PD),HA130PM170; DA130PM170; 0M0H25; 0K00F5,high,https://www.dell.com/support/manuals/en-us/xps-15-9500-laptop/xps-15-9500-setup-and-specifications/power-adapter?guid=guid-2ea7ebaa-0143-4c05-803f-5015bfcb4e67&lang=en-us,Dell manual lists two USB-C options: 130 W (20V 6.5A) and 90 W (20V 4.5A). Discrete-GPU / 86 Wh configs ship the 130 W; the 90 W is for base configs. Part numbers from Amazon/Dr Battery listings.
Dell,XPS 15 9510,,69KF2,69KF2; 8FCTC,86,6,medium,https://www.parts-people.com/index.php?action=item&id=35454,69KF2 = 6-cell 86 Wh; 8FCTC = 3-cell 56 Wh. Both 11.4 V. Same packs as XPS 15 9500.,img/dell-69kf2.jpg,https://www.dellpartssource.com/products/dell-g15-5530-5520-5525-5521-inspiron-16-plus-7620-6-cell-86wh-battery-69kf2.html,,130,USB-C,20V 6.5A (5-20V PD),DA130PM170; HA130PM170; 0M0H25,high,https://www.dell.com/support/manuals/en-us/xps-15-9510-laptop/xps-15-9510-setup-and-specifications/power-adapter?guid=guid-2ea7ebaa-0143-4c05-803f-5015bfcb4e67&lang=en-us,Dell manual lists 130W USB-C (standard for RTX 3050/3050 Ti configs) and 90W USB-C (20V 4.5A; LA90PM170 / HA90PM170) for integrated-graphics configs.
Dell,XPS 15 9520,,69KF2,69KF2; 8FCTC,86,6,high,https://www.dell.com/support/manuals/en-us/xps-15-9520-laptop/xps-15-9520-setup-and-specifications/battery?guid=guid-736b04e3-3465-433f-8a59-b29fb604972e&lang=en-us,Dell manual: 3-cell 56 Wh and 6-cell 86 Wh. 69KF2 = 86 Wh; 8FCTC = 56 Wh. Codes from parts-people.com.,img/dell-69kf2.jpg,https://www.dellpartssource.com/products/dell-g15-5530-5520-5525-5521-inspiron-16-plus-7620-6-cell-86wh-battery-69kf2.html,,130,USB-C,20V 6.5A (5V 1A),DA130PM170; HA130PM170; 0M0H25; 0K00F5; LA90PM170,high,https://www.dell.com/support/manuals/en-us/xps-15-9520-laptop/xps-15-9520-setup-and-specifications/power-adapter?guid=guid-2ea7ebaa-0143-4c05-803f-5015bfcb4e67&lang=en-us,130 W USB-C ships with discrete NVIDIA GPU configs (most configs); 90 W USB-C (20V 4.5A) ships with Intel-graphics-only configs. Part numbers from own knowledge. Part number detail: LA90PM170: 90W.
Dell,XPS 15 9530 (2023),,69KF2,69KF2,86,6,medium,https://www.dell.com/support/manuals/en-us/xps-15-9530-laptop/xps-15-9530-setup-and-specifications/battery?guid=guid-870115c7-fadd-4a5d-b88a-011c72ebc874&lang=en-us,"Dell manual: 6-cell 86 Wh and 6-cell 90 Wh, 11.4 V. 69KF2 = 86 Wh (confirmed by shops). Type code for the 90 Wh pack not found.",img/dell-69kf2.jpg,https://www.dellpartssource.com/products/dell-g15-5530-5520-5525-5521-inspiron-16-plus-7620-6-cell-86wh-battery-69kf2.html,,130,USB-C,20V 6.5A / 5V 1A (USB-C PD),HA130PM170; DA130PM170; 0K00F5; 0M0H25,high,https://www.dell.com/support/manuals/en-us/xps-15-9530-laptop/xps-15-9530-setup-and-specifications/power-adapter?guid=guid-2ea7ebaa-0143-4c05-803f-5015bfcb4e67&lang=en-us,"Dell manual: 130W USB-C (option one, RTX configs) and 100W USB-C (20V 5A, LA100PM220 / HA100PM220, option two for Arc/UMA configs)"
Dynabook,Portege X30L-K (13.3in),,PS0011UA1BRS,PS0011UA1BRS,53,4,medium,https://www.laptopbatterydirect.net/dynabook/dynabook-portege-x30l-k-battery.htm,4-cell 53 Wh 15.4 V (cell pack 4ICP5/63/71). Same pack as Portege X30L-J.,img/dynabook-ps0011ua1brs.jpg,https://www.laptopbatterydirect.net/dynabook/dynabook-ps0011ua1brs-battery.htm,,65,USB-C,5-20V up to 3.25A,PA5352E-1AC3; A065RP59P; PX5352K-1AC3,high,https://aps2.support.emea.dynabook.com/kb0/MAN23040T0000R01_BOM_X30L-K.pdf,Dynabook parts list: AC adaptor 3-pin 65W A065RP59P. Charges over the Thunderbolt 4 / USB-C port.
Dynabook,Portege X30W-K (13.3in convertible 2-in-1),,PS0010UA1BRS,PS0010UA1BRS,53,4,medium,https://www.cutratebatteries.com/products/dynabook-portege-x30w-k-112-replacement-battery,4-cell 53 Wh 15.4 V. Same pack as Portege X30W-J. Not interchangeable with the X30L PS0011UA1BRS pack.,img/dynabook-ps0010ua1brs.jpg,https://www.batterymall.com/products/ps0010ua1brs-laptop-battery-for-toshiba-dynabook-portege-x30w-j-series-notebook-15-4v-53wh-3450mah,Page title lists PS0010UA1BRS but the image file name says PS0011UA1BRS (third-party replacement photo); verify shape,65,USB-C,5-20V up to 3.25A (20V 3.25A / 15V 3A / 9V 3A / 5V 3A),PA5279U-1ACA; PA5279E-1AC3; PA5352U-1ACA,high,https://asia.dynabook.com/laptop/portege-x30w-k/specification.php,Dynabook spec page states 65W USB Type-C AC adaptor. The part numbers are the standard Dynabook 65 W USB-C adapters from general knowledge; the spec page does not list them. Part number detail: PA5279E-1AC3: EU plug.
Dynabook,Portege X40-J (14in),,PS0104UA1BRS,PS0104UA1BRS; PS0011UA1BRS,53,4,low,https://www.amazon.com/IZKROR-PS0104UA1BRS-3450mAh-Replacement-Dynabook/dp/B0CQTGQF6C,4-cell 53 Wh 15.4 V. Shops disagree on the code: Amazon lists PS0104UA1BRS (Tecra X40-K/A40-J/Portege X40-J); laptopbatterydirect lists PS0011UA1BRS. Maintenance manual PDF too large to fetch.,img/dynabook-ps0104ua1brs.webp,https://topbattery.co.uk/product/original-battery-for-dynabook-ps0104ua1brs-sl11997-1/,Page titled Original battery for Dynabook PS0104UA1BRS; shop stock photo (SL11997). Other shops (ecrater; ultragreenbattery; laptop-battery-shop) blocked or had no matching image,65,USB-C,5-20V up to 3.25A (5V 3A / 9V 3A / 15V 3A / 20V 3.25A),PA5352U-1ACA; PA5352E-1AC3,high,https://shop.us.dynabook.com/products/dynabook-usb-type-c-ac-adapter-65w,Dynabook store lists the 65W USB-C PC adapter PA5352U-1ACA; coywood/itekiro confirm it as the X40-J adapter. PA5352E-1AC3 is the EMEA part number (not confirmed on a page).
Dynabook,Portege X40-M (14in),,not found,not found (Dynabook 4-cell 60 Wh pack),60,4,low,https://asia.dynabook.com/laptop/portege-x40-m/specification.php,"Dynabook spec: 4-cell 60 Wh Li-ion polymer, not user replaceable. No shop or manual with a PS0/PA5 code was found in the search budget.",,,,65,USB-C,5-20V up to 3.25A (20V 3.25A),PA5352E-1AC3; PX5352K-1AC3; ADP-65SD B,high,https://asia.dynabook.com/laptop/portege-x40-m/specification.php,Dynabook spec sheet lists a 65W 3-pin USB-C AC adaptor. Part numbers from a third-party charger shop (same adapter as Portege X40-J/K).
Dynabook,Portege X40L-K (14in),,PS0122NA1BRS,PS0122NA1BRS; G71C000MT110; G71C000MV110,65,4,medium,https://www.laptopbatterydirect.net/dynabook/dynabook-portege-x40l-k-battery.htm,4-cell 65 Wh 15.4 V. G71C000MT110/MV110 are Dynabook internal FRU codes for the same pack.,img/dynabook-ps0122na1brs.jpg,https://www.batteriestar.com/detail/Dynabook/PS0122NA1BRS/1745656,Replacement-battery shop; page lists PS0122NA1BRS; photo is of the replacement pack. Alt: https://www.aolstecell.com/dynabook/pic_big_Zoom/PS0122NA1BRS-1.jpg,65,USB-C,5-20V up to 3.25A (20V 3.25A),PA5352E-1AC3; PX5352K-1AC3; ADP-65SD B,high,https://asia.dynabook.com/laptop/portege-x40l-k/specification.php,Spec sheet: 65W USB Type-C AC adaptor. Part numbers from eBay/coywood listings.
HP,"EliteBook 830 G5 Notebook PC (2018, 13.3 in)",,SS03XL,933321-855; SS03XL,50,3,medium,https://www.ifixit.com/products/hp-elitebook-830-735-and-745-g5-replacement-battery,"SS03XL 50Wh 3-cell. Other HP numbers: 932823-421, HSTNN-LB8G.",img/hp-ss03xl.jpg,https://www.ifixit.com/products/hp-elitebook-830-735-and-745-g5-replacement-battery,,65,USB-C,"5-20V up to 3.25A (USB-C PD, 20V 3.25A)",L04650-850; L32392-001; L67440-001,medium,https://www.sparepartworld.com/hp/notebook/elitebook-serie/elitebook-830-g5/adapter-40211894,"HP QuickSpecs list HP 45W and 65W Smart AC adapters (4.5 mm barrel, e.g. 710412-001 / L25298-001) as alternatives; sparepartworld lists the 65W USB-C as the original adapter"
HP,"EliteBook 830 G8 Notebook PC (2021, 13.3 in)",,CC03XL,L78555-005; CC03XL,53,3,medium,https://www.laptopbatteryexpress.com/product-p/hp-cc03xl-830g8.htm,"CC03XL 53Wh 3-cell. Other HP numbers: L77608-421, L77608-2C1, HSTNN-DB9Q.",img/hp-cc03xl.jpg,https://www.batterymall.com/products/kingsener-cc03xl-laptop-battery-for-hp-elitebook-830-835-840-845-g7-zbook-firefly-14-g8-mt32-mt46-l78555-005-11-55v-56wh,KingSener replacement pack pictured; page lists CC03XL and L78555-005,65,USB-C,5-20V up to 3.25A,L04650-850; 916369-013; 860209-850,medium,https://www.sparepartworld.com/hp/notebook/elitebook-serie/elitebook-830-g8/adapter-73840631,HP offered 45W and 65W USB-C and 45W / 65W 4.5 mm barrel Smart adapters (913691-850 / 710412-001 for 65W barrel) on this model; the 65W USB-C is the usual ship. QuickSpecs (c06969200) was not reachable to confirm the order.
HP,"EliteBook x360 1030 G3 (2018, 13.3 in convertible)",,BM04XL,L02478-855; BM04XL,56,4,medium,https://www.ifixit.com/products/hp-elitebook-x360-1030-g3-replacement-battery,"BM04XL 56.2Wh 4-cell. Other HP numbers: L02031-541, HSTNN-DB8L.",img/hp-bm04xl.jpg,https://www.ifixit.com/products/hp-elitebook-x360-1030-g3-replacement-battery,,65,USB-C,5-20V up to 3.25A (20V 3.25A / 15V 4.33A / 12V 5A / 9V 3A / 5V 3A),860209-850; 860065-002; 1HE08AA; 3PN48AA,high,https://objects.icecat.biz/objects/mmo_59082187_1538633222_58_29495.pdf,"HP QuickSpecs (c05988367, mirror copy): 65 W USB Type-C AC adapter; spare listed as AC Adapter 65 Watt nPFC. The spare numbers 860209-850 / 860065-002 come from parts dealers. Part number detail: 1HE08AA: retail; 3PN48AA: retail slim."
HP,"EliteBook x360 1030 G4 (2019, 13.3 in convertible)",,BM04XL,L02478-855; BM04XL,56,4,medium,https://www.amazon.com/OUWEE-BM04XL-Compatible-HSTNN-DB8L-HSTNN-UB7L/dp/B085FZ2SQG,Same BM04XL 56.2Wh 4-cell as the 1030 G3.,img/hp-bm04xl.jpg,https://www.ifixit.com/products/hp-elitebook-x360-1030-g3-replacement-battery,,65,USB-C,5-20V up to 3.25A (20V 3.25A / 15V 4.33A / 12V 5A / 9V 3A / 5V 3A),L30757-002; 860209-850; L32392-001; L04650-850; 1HE08AA,medium,https://coywood.com/Hp-EliteBook-X360-1030-G4-charger,HP QuickSpecs (c06366468) list a 65 W nPFC USB-C slim adapter as the only adapter. Spare part numbers from coywood/eBay listings; the HP maintenance guide was not reachable.
HP,"EliteBook x360 830 G8 Notebook PC (2021, 13.3 in convertible)",,CX03XL,L78551-005; CX03XL,53,3,medium,https://batteriesamerica.com/products/cs-hpx368nb-battery-for-hp-elitebook-x360-830-g7-elitebook-855-g7-elitebook-x360-830-g8-replaces-hp-cx03xl-cx03053xl-hstnn-lb8r-and-others,"CX03XL 53Wh 3-cell. Other HP numbers: L77624-421, HSTNN-IB9G.",img/hp-cx03xl.jpg,https://www.laptopbatteryexpress.com/HP-CX03XL-Battery-for-EliteBook-X360-830-G7-p/hp-cx03xl.htm,,65,USB-C,5-20V up to 3.25A (20V 3.25A),L04650-850; L67440-001; 1HE08AA; 710412-001,medium,https://h20195.www2.hp.com/v2/GetPDF.aspx/c06969250.pdf,QuickSpecs (c06969250) list HP Smart 45W and 65W 4.5mm barrel adapters and HP 65W USB-C (standard and slim) adapters; the laptop has both a 4.5mm port and USB-C. Shipped adapter varies by SKU; 65W USB-C is the usual one. Part number detail: 1HE08AA: retail; 710412-001: 65W 4.5mm barrel alt.
HP,"Elite Dragonfly G2 Notebook PC (2021, 13.3 in convertible)",,EP04XL,L52581-005; EP04XL; L71760-005; EP02XL,56,4,medium,https://www.polartech.com.au/products/ep02xl-hp-elite-dragonfly-g2-notebook-pc-series-laptop-replacement-battery,Two sizes: EP04XL L52581-005 = 56.2Wh 4-cell (long life); EP02XL L71760-005 = 38Wh 2-cell.,img/hp-ep04xl.jpg,https://www.laptopbatteryexpress.com/HP-EP04XL-Battery-for-Elite-Dragonfly-G1-G2-models-p/hp-ep04xl.htm,,65,USB-C,5-20V up to 3.25A (20V 3.25A),L04650-850; L67440-001; 1P3K6AA,medium,https://www.sparepartworld.com/hp/notebook/elite-dragonfly-serie/elite-dragonfly-g2/adapter-73438988,HP support spec page returned 403; sparepartworld lists original 65 W USB-C. Part numbers from own knowledge and pcxssolutions listing. Part number detail: L67440-001: slim; 1P3K6AA: option kit.
HP,Elite x360 1040 14 inch G10 2-in-1 Notebook PC (2023),,WP03XL,M73466-005; WP03XL; N22347-005; WQ03XL,51,3,medium,https://www.sparepartworld.com/hp/notebook/elite-serie/elite-x360-1040-g10/battery-100033697,Two sizes: WP03XL M73466-005 = 51.3Wh 3-cell; WQ03XL N22347-005 = 38Wh 3-cell.,img/hp-wp03xl.jpg,https://www.kingsener.com/product/wp03xl-battery-for-hp-elitebook-830-835-840-g9-g10/,KingSener replacement pack pictured (600 px); page lists WP03XL,65,USB-C,"5-20V up to 3.25A (USB-C PD, 20V 3.25A)",L04650-850; L32392-001,high,https://h20195.www2.hp.com/v2/GetDocument.aspx?docname=c08487727,QuickSpecs list HP 65W Slim USB-C Straight AC Power Adapter as standard; 45W USB-C listed as an alternative by sparepartworld
HP,Elite x360 830 13 inch G10 2-in-1 Notebook PC (2023),,WP03XL,M73466-005; WP03XL; N22347-005; WQ03XL,51,3,medium,https://www.sparepartworld.com/hp/notebook/elite-serie/elite-830-x360-g10/battery-101178702,Two sizes: WP03XL M73466-005 = 51.3Wh 3-cell; WQ03XL N22347-005 = 38Wh 3-cell.,img/hp-wp03xl.jpg,https://www.kingsener.com/product/wp03xl-battery-for-hp-elitebook-830-835-840-g9-g10/,KingSener replacement pack pictured (600 px); page lists WP03XL,65,USB-C,5-20V up to 3.25A,N71011-850; M52950-001; L04650-850,high,https://h20195.www2.hp.com/v2/GetPDF.aspx/c08504819.pdf,"HP datasheet: ""HP Smart 65 W USB Type-C adapter; HP Smart 45 W USB Type-C adapter"". Part numbers are the HP 65W USB-C spares in circulation for this generation; confirm against the MSG for the exact SKU."
HP,Elite x360 830 13 inch G9 2-in-1 Notebook PC (2022),,WP03XL,M73466-005; M73468-005; WP03XL,51,3,medium,https://www.ipc-computer.eu/hp/notebook/elite-serie/elite-x360-830-g9/battery-101178606,"Two sizes, both WP03XL: M73466-005 = 51.3Wh 3-cell; M73468-005 = 38Wh 3-cell.",img/hp-wp03xl.jpg,https://www.kingsener.com/product/wp03xl-battery-for-hp-elitebook-830-835-840-g9-g10/,KingSener replacement pack pictured (600 px); page lists WP03XL,65,USB-C,5-20V up to 3.25A (20V 3.25A / 15V 4.33A / 12V 5A / 9V 3A / 5V 3A),L04650-850; L45962-002; L67440-001,high,https://h20195.www2.hp.com/v2/GetPDF.aspx/c08049274.pdf,"HP QuickSpecs lists the HP Smart 65 W USB Type-C adapter. The spare numbers come from parts dealers (sparepartworld, coywood); the QuickSpecs does not list them."
HP,EliteBook 630 13 inch G9 Notebook PC (2022),,RH03XL,M75599-005; M73472-005; RH03XL,42,3,medium,https://www.hp-battery.com/hp-elitebook-630-g9-6s6h0ea.html,"Two sizes, both RH03XL: M75599-005 = 42Wh 3-cell; M73472-005 = 51.3Wh 3-cell (long life).",img/hp-rh03xl.jpg,https://www.ifixit.com/products/hp-rh03xl-laptop-battery,,65,HP 4.5mm barrel,19.5V 3.33A,913691-850; 710412-001; L25298-002; 854055-002,medium,https://coywood.com/Hp-EliteBook-630-G9-charger,"Coywood lists four options for the 630 G9: 65 W 4.5 mm barrel (most common), 45 W 4.5 mm barrel, 45 W USB-C and 65 W USB-C. Sparepartworld sells a 65 W USB-C as original. Config-dependent; the HP maintenance guide was not reachable."
HP,EliteBook 630 13.3 inch G11 Notebook PC (2024),,RX03XL,N78704-005; N70706-005; RX03XL,56,3,low,https://www.amazon.com/RX03XL-Replacement-N78704-005-N70706-005-N69453-CF1/dp/B0F1ZX5QFK,"RX03XL comes as 56Wh (RX03056XL) and 48Wh (RX03048XL), 3-cell. Which spare number is which size was not confirmed on a fetched page.",img/hp-rx03xl.jpg,https://www.laptopbatteryexpress.com/HP-RX03XL-Battery-for-EliteBook-G11-Models-p/hp-rx03xl.htm,,65,USB-C,5-20V up to 3.25A (20V 3.25A),L67440-001; L04650-850,high,https://h20195.www2.hp.com/v2/GetDocument.aspx?docname=c08915792,QuickSpecs (c08915792) Power Supply lists only the HP Standard 65W USB Type-C adapter (and a halogen-free variant). Spare part number not confirmed in an HP document. Part number detail: L67440-001: 1P3K6AA.
HP,EliteBook 640 14 inch G9 Notebook PC (2022),,RH03XL,M75599-005; M73472-005; RH03XL,42,3,medium,https://www.cdw.com/product/total-micro-battery-hp-elitebook-630-g9-640-g9-650-g9-3-cell-42whr/7969936,"Two sizes, both RH03XL: M75599-005 = 42Wh 3-cell; M73472-005 = 51.3Wh 3-cell (long life).",img/hp-rh03xl.jpg,https://www.ifixit.com/products/hp-rh03xl-laptop-battery,,65,USB-C,5-20V up to 3.25A (20V 3.25A),L04650-850; L67440-001; 1P3K6AA; L43407-001,medium,https://www.sparepartworld.com/hp/notebook/elitebook-serie/elitebook-640-g9/adapter-84851852,HP support document ish_5995215-5995330-16 timed out three times. Most SKUs ship 65 W USB-C; some ship 45 W USB-C. Part numbers from own knowledge. Part number detail: L67440-001: slim; 1P3K6AA: option kit; L43407-001: 45W.
HP,EliteBook 650 15.6 inch G9 Notebook PC (2022),,RH03XL,M73472-005; M75599-005; RH03XL,51,3,medium,https://www.sparepartworld.com/hp/notebook/elitebook-serie/elitebook-650-g9/battery-101148307,"Two sizes, both RH03XL: M73472-005 = 51.3Wh 3-cell; M75599-005 = 42Wh 3-cell.",img/hp-rh03xl.jpg,https://www.ifixit.com/products/hp-rh03xl-laptop-battery,,65,HP 4.5mm barrel,19.5V 3.33A,710412-001; L25298-001; 913691-850; L39752-003,high,https://h20195.www2.hp.com/v2/GetDocument.aspx?docname=c08007866,QuickSpecs list 65W Smart nPFC 4.5 mm right-angle barrel adapter as standard; HP Smart 65W USB Type-C adapter (L04650-850) is an option
HP,EliteBook 830 13 inch G9 Notebook PC (2022),,WP03XL,M73466-005; M73468-005; WP03XL,51,3,medium,https://www.sparepartworld.com/hp/notebook/elitebook-serie/elitebook-830-g9/battery-100033757,"Two sizes, both WP03XL: M73466-005 = 51.3Wh 3-cell; M73468-005 = 38Wh 3-cell.",img/hp-wp03xl.jpg,https://www.kingsener.com/product/wp03xl-battery-for-hp-elitebook-830-835-840-g9-g10/,KingSener replacement pack pictured (600 px); page lists WP03XL,65,USB-C,5-20V up to 3.25A,M52950-001; L04650-850; N71011-850,high,https://h20195.www2.hp.com/v2/GetPDF.aspx/c08049271.pdf,"HP QuickSpecs: ""HP Smart 65 W USB Type-C adapter"" and ""HP Smart 45 W USB Type-C adapter"" options. Part numbers are the HP 65W USB-C spares for this generation; confirm against the MSG for the exact SKU."
HP,"EliteBook 840 G7 Notebook PC (2020, 14 in)",,CC03XL,L78555-005; CC03XL,53,3,medium,https://www.cdw.com/product/total-micro-battery-hp-elitebook-830-g7-840-g7-845-g7-3-cell-53whr/6416155,CC03XL 53Wh 3-cell. The hint SR03XL is not correct for this model; sources show CC03XL.,img/hp-cc03xl.jpg,https://www.batterymall.com/products/kingsener-cc03xl-laptop-battery-for-hp-elitebook-830-835-840-845-g7-zbook-firefly-14-g8-mt32-mt46-l78555-005-11-55v-56wh,KingSener replacement pack pictured; page lists CC03XL and L78555-005,65,USB-C,5-20V up to 3.25A (20V 3.25A / 15V 4.33A / 12V 5A / 9V 3A / 5V 3A),L04650-850; L45962-002,medium,https://pcxssolutions.com/hp-ac-adapter-65w-npfc-slim-usb-c-strt-1-8m-hp-hp-dragonfly-elitebook-850-g7-840-g7-hp-ebx360830g7-hp-elite-x2-1013-g3-elite-x2-g4-l04650-850/,"Parts dealer lists HP spare L04650-850 (65 W nPFC slim USB-C, straight, 1.8 m) for the 840 G7. Some configs shipped with a 65 W HP Smart 4.5 mm barrel adapter or a 45 W USB-C adapter instead. HP QuickSpecs page was not reachable."
HP,"EliteBook 840 G8 Notebook PC (2021, 14 in)",,CC03XL,L78555-005; CC03XL,53,3,medium,https://www.sparepartworld.com/hp/notebook/elitebook-serie/elitebook-840-g8/battery-81249684,"CC03XL 53Wh 3-cell, same as 840 G7.",img/hp-cc03xl.jpg,https://www.batterymall.com/products/kingsener-cc03xl-laptop-battery-for-hp-elitebook-830-835-840-845-g7-zbook-firefly-14-g8-mt32-mt46-l78555-005-11-55v-56wh,KingSener replacement pack pictured; page lists CC03XL and L78555-005,65,USB-C,5-20V up to 3.25A (20V 3.25A / 15V 4.33A / 12V 5A / 9V 3A / 5V 3A),L04650-850; L45962-001; 1HE08AA; 1P3K6AA,medium,https://www.sparepartworld.com/laptop-spare-parts/ac-adapters/adapter-l04650-850-75830134,"Sparepartworld lists L04650-850 (65 W USB-C nPFC slim, straight 1.8 m) as the original adapter for the EliteBook 840 G8; CDW lists the same. HP QuickSpecs list a 65 W USB-C adapter; a 45 W USB-C is an option in some regions."
HP,"EliteBook 850 G8 Notebook PC (2021, 15.6 in)",,CC03XL,L78555-005; CC03XL,53,3,low,https://www.ebay.com/itm/389149312292,Only an eBay listing title names the 850 G8 for CC03XL L78555-005 53Wh 3-cell. Not confirmed on a shop or HP page.,img/hp-cc03xl.jpg,https://www.batterymall.com/products/kingsener-cc03xl-laptop-battery-for-hp-elitebook-830-835-840-845-g7-zbook-firefly-14-g8-mt32-mt46-l78555-005-11-55v-56wh,KingSener replacement pack pictured; page lists CC03XL and L78555-005,65,HP 4.5mm barrel,19.5V 3.33A,710412-001; 913691-850; L04650-850; L67440-001,medium,https://hp.it-shop.bg/uploaded/3/6/EliteBook-850-G8-MSG.pdf,"HP Maintenance and Service Guide lists 65W 4.5mm (710412-001, 913691-850), 65W USB-C (L04650-850, L67440-001) and 45W 4.5mm (741727-001) adapters. The laptop has both ports; the 65W 4.5mm Smart adapter is the most common shipped unit, 65W USB-C in some SKUs. Part number detail: 913691-850: EM; L04650-850: 65W USB-C alt; L67440-001: 65W USB-C alt."
HP,"EliteBook x360 1030 G7 Notebook PC (2020, 13.3 in convertible)",,HK04XL,L82391-005; HK04XL,54,4,medium,https://notebookparts.com/products/new-genuine-hp-elitebook-x360-1030-g7-g8-54wh-battery-l82391-005,HK04XL 54Wh 4-cell (L82391-005). Shops also list a 78Wh HK04XL (L84352-005 / HSTNN-IB9J) for the 1030/1040 G7/G8; the two sizes do not interchange.,img/hp-hk04xl.jpg,https://www.laptopbatteryexpress.com/HP-L82391-005-Battery-Type-A-p/hp-hk04xl-typea-l82391.htm,,65,USB-C,5-20V up to 3.25A (20V 3.25A),L67440-001; L04650-850; 1P3K6AA,medium,https://www.hppartsshop.co.uk/products/hp-elitebook-x360-1030-g7-laptop-usb-c-ac-adapter,USB-C only laptop. 65 W slim USB-C L67440-001 is the shipped part; 90 W USB-C optional. Part numbers from hppartsshop and own knowledge. Part number detail: L67440-001: slim; 1P3K6AA: option kit.
HP,"EliteBook x360 1030 G8 Notebook PC (2021, 13.3 in convertible)",,HK04XL,L82391-005; HK04XL,54,4,medium,https://www.laptopbatterydirect.net/hp/hp-elitebook-x360-1030-g8-battery.htm,HK04XL 54Wh 4-cell (L82391-005). Shops also list a 78Wh HK04XL (L84352-005 / HSTNN-IB9J); the two sizes do not interchange.,img/hp-hk04xl.jpg,https://www.laptopbatteryexpress.com/HP-L82391-005-Battery-Type-A-p/hp-hk04xl-typea-l82391.htm,,65,USB-C,"5-20V up to 3.25A (USB-C PD, 20V 3.25A)",L04650-850; L67440-001; L32392-001,medium,https://www.sparepartworld.com/hp/notebook/elitebook-serie/elitebook-x360-1030-g8/adapter-96947626,65W USB-C slim adapter; 45W USB-C option on some SKUs
HP,"EliteBook x360 1040 G6 Notebook PC (2019, 14 in convertible)",,BL04XL,L07041-855; BL04XL,56,4,medium,https://www.cdw.com/product/total-micro-battery-hp-elitebook-x360-1040-g5-1040-g6-4-cell-56wh/5560617,"BL04XL 56.2Wh 4-cell. Other HP numbers: L07353-541, HSTNN-DB8M.",img/hp-bl04xl.jpg,https://www.reliablelaptopparts.com/orig-new-genuine-hp-bl04xl-elitebook-x360-1040-g5-1040-g6-laptop-battery/,,65,USB-C,5-20V up to 3.25A,L04650-850; 860209-850; L32392-001; 1HE08AA,medium,https://coywood.com/Hp-EliteBook-X360-1040-G6-charger,65W USB-C is the only adapter for this model (no barrel port). QuickSpecs (c06326201) was not reachable to confirm.
HP,"EliteBook x360 1040 G8 Notebook PC (2021, 14 in convertible)",,HK04XL,L84352-005; L82391-005; HK04XL,78,4,medium,https://www.laptopbatterydirect.net/hp/hp-elitebook-x360-1040-g8-battery.htm,"Two sizes, both HK04XL: L84352-005 (HSTNN-IB9J) = 78Wh 4-cell long life; L82391-005 (HSTNN-IB9H) = 54Wh 4-cell.",img/hp-hk04xl.jpg,https://www.laptopbatteryexpress.com/HP-L82391-005-Battery-Type-A-p/hp-hk04xl-typea-l82391.htm,,65,USB-C,5-20V up to 3.25A (20V 3.25A / 15V 4.33A / 12V 5A / 9V 3A / 5V 3A),L04650-850; L45962-002,high,https://www.dokmeha.com/wp-content/uploads/2023/05/HP-EliteBook-x360-1040-G8_DOKMEHA-datasheet.pdf,"HP datasheet (mirror copy): Power = HP Smart 65 W USB Type-C adapter; HP 65 W USB Type-C slim adapter. Spare numbers come from parts dealers (CDW, sparepartworld)."
HP,"ENVY 13-ah0000 series laptop (2018, 13.3 in)",HP ENVY Laptop 13-ah0xxx,KC04XL,L08496-855; KC04XL,53,4,medium,https://drbattery.com/products/l08496-855-kc04xl-hp-envy-x360-13-ag-13-ar-13-ah-13-aq-13z-ag-13m-ag-13t-aq-l08544-2b1-laptop-battery-_-lhp364-db-001,"KC04XL 53.2Wh 4-cell. Other HP numbers: L08544-2B1, HSTNN-DB8P, TPN-W136.",img/hp-kc04xl.jpg,https://www.laptopbatteryexpress.com/HP-KC04XL-battery-p/hp-kc04xl.htm,,65,HP 4.5mm barrel,19.5V 3.33A,710412-001; 913691-850; L25298-002; 854056-002,medium,https://www.hppartsshop.co.uk/products/hp-envy-13-ah0000-laptop-ac-adapter,"Conflicting third-party sources: hppartsshop lists 65 W / 90 W 4.5 mm barrel; coywood claims a 65 W USB-C (860209-850) was original. The 13-ah0000 has a 4.5 mm DC jack plus a USB-C PD port. HP consumer models with a barrel jack shipped the barrel adapter: 45 W (19.5V 2.31A) on UMA configs, 65 W on MX150 configs. HP spec page timed out."
HP,"ENVY x360 15-dr1000 series convertible (2019, 15.6 in)",HP ENVY x360 Convertible 15-dr1xxx,SA04XL,L43267-005; SA04XL,56,4,medium,https://www.ifixit.com/Answers/View/745129/What+exact+battery+do+I+need+to+buy+to+replace+this+laptop's+battery,"SA04XL 55.67Wh 4-cell, 15.4V. Other HP numbers: L43248-541, HSTNN-OB1G.",img/hp-sa04xl.jpg,https://www.laptopbatteryexpress.com/HP-SA04XL-battery-for-Envy-X360-15-DR-p/hp-sa04xl.htm,,65,HP 4.5mm barrel,19.5V 3.33A,L24008-001; L23960-001; 710412-001,high,https://kaas.hpcloud.hp.com/pdf-public/pdf_12385503_en-US-1.pdf,"HP Maintenance and Service Guide for the ENVY x360 15 Convertible PC (Intel) lists one adapter: 65W HP Smart AC adapter, slim, 4.5mm, 1.8 m, spare part L24008-001."
HP,"Pro x360 435 13.3 inch G10 Notebook PC (2023, convertible)",,SX03XL,L78125-005; L78125-006; SX03XL,45,3,medium,https://www.hp-battery.com/hp-pro-x360-435-g10.html,SX03XL 45Wh 3-cell. One shop lists a 42Wh M75597-006 spare for the G10; HP QuickSpecs fetch failed so this was not confirmed.,img/hp-sx03xl.jpg,https://www.ifixit.com/products/hp-sx03xl-laptop-battery,,65,USB-C,5-20V up to 3.25A (20V 3.25A),L04650-850; 1P3K6AA; H6Y89AA; 1MZ01AA,high,https://www8.hp.com/h20195/v2/GetDocument.aspx?docname=c08438689,"QuickSpecs lists HP Smart 65 W USB Type-C adapter first; also 65 W 4.5 mm barrel, 45 W USB-C and 45 W 4.5 mm barrel by config. Laptop has both USB-C and 4.5 mm power ports. Part number detail: 1P3K6AA: option kit; H6Y89AA: 65W 4.5mm option; 1MZ01AA: 45W USB-C option."
HP,ProBook 440 14 inch G10 Notebook PC (2023),,RH03XL,M73472-005; M02027-005; RH03XL,51,3,medium,https://www.hp-battery.com/hp-probook-440-g10.html,"Two sizes, both RH03XL: M73472-005 = 51.3Wh 3-cell; M02027-005 = 45Wh 3-cell.",img/hp-rh03xl.jpg,https://www.ifixit.com/products/hp-rh03xl-laptop-battery,,65,USB-C,"5-20V up to 3.25A (USB-C PD, 20V 3.25A)",L04650-850; L32392-001; M52950-001,high,https://h20195.www2.hp.com/v2/GetDocument.aspx?docname=c08480164,QuickSpecs list 65W standard USB Type-C straight 1.8 m adapter; a 65W 4.5 mm barrel variant (710412-001) exists on some configs
HP,ProBook 440 14 inch G9 Notebook PC (2022),,RH03XL,M02027-005; M73472-005; RH03XL,45,3,medium,https://www.sparepartworld.com/hp/notebook/probook-serie/probook-440-g9/battery-125445719,"Two sizes, both RH03XL: M02027-005 = 45Wh 3-cell (original per sparepartworld); M73472-005 = 51.3Wh 3-cell long life.",img/hp-rh03xl.jpg,https://www.ifixit.com/products/hp-rh03xl-laptop-battery,,65,USB-C,5-20V up to 3.25A,M52950-001; L04650-850; L32392-001,high,https://pcb.inc.hp.com/dc/api/spec-sheet/ng-en/2101248483/pdf/5Y3R7EA.pdf,"HP spec sheet: ""HP Smart 65 W External AC power adapter""; QuickSpecs (c08007804) lists HP Smart 65 W USB Type-C and HP Smart 45 W USB Type-C options. 440 G9 has no barrel port."
HP,"ProBook 440 G8 Notebook PC (2021, 14 in)",,RH03XL,M02027-005; RH03XL,45,3,medium,https://www.laptopbatteryexpress.com/HP-ProBook-440-G8-Battery-p/hp-rh03xl-440g8.htm,"RH03XL 45Wh 3-cell. Other HP numbers: M01524-541, M01524-2B1, HSTNN-IB9P. The hint HW03XL is not correct for this model.",img/hp-rh03xl.jpg,https://www.ifixit.com/products/hp-rh03xl-laptop-battery,,45,HP 4.5mm barrel,19.5V 2.31A,741727-001; L25296-002; H6Y88AA; 710412-001; L25298-002,medium,https://www.hppartsshop.co.uk/products/hp-probook-440-g8-laptop-ac-adapter,"Parts dealer lists 45 W (19.5V 2.31A), 65 W (19.5V 3.33A) and 90 W adapters with the 4.5 mm barrel for the 440 G8. HP QuickSpecs for the sister ProBook 430 G8 lists HP Smart 45 W / 65 W barrel and 45 W / 65 W USB Type-C options. UMA configs ship with 45 W; MX450 GPU configs ship with 65 W. Spare numbers are from general knowledge of HP 45 W / 65 W Smart adapters. Part number detail: H6Y88AA: retail; 710412-001: 65 W; L25298-002: 65 W."
HP,ProBook 450 G10 Notebook PC,HP ProBook 450 15.6 inch G10 Notebook PC,RH03XL,M73472-005; M75599-005,51.3,3,medium,https://notebookparts.com/products/new-genuine-51-3wh-4-68ah-li-rh03xl-battery-for-hp-elitebook-645-g10-m73472-005,3-cell 51.3Wh RH03XL (RH03051XL-PL). M73472-005 is the common spare; M75599-005 is a later equivalent. The 45Wh RH03XL (M02027-005) used on G8 is a different design and is not the standard fit for G10.,img/hp-rh03xl.jpg,https://www.ifixit.com/products/hp-rh03xl-laptop-battery,,65,USB-C,5-20V up to 3.25A (20V 3.25A / 15V 4.33A / 12V 5A / 9V 3A / 5V 3A),L04650-850; 1P3K6AA; 671R3AA; M52950-001,high,https://h20195.www2.hp.com/v2/GetPDF.aspx/c08480165.pdf,"HP QuickSpecs (c08480165) list five options: HP Smart 65 W USB-C (first listed), HP Smart 65 W 4.5 mm barrel, 65 W EM barrel, 45 W 4.5 mm barrel, 45 W USB-C. Standard depends on config/region: 65 W for discrete graphics, 45 W for UMA. Spare numbers from third-party listings; accessory SKUs 1P3K6AA (65W USB-C LC) and H6Y89AA (65W 4.5mm) from QuickSpecs."
HP,ProBook 450 G9 Notebook PC,HP ProBook 450 15.6 inch G9 Notebook PC,RH03XL,M73472-005; M02027-005,51.3,3,medium,https://www.hppartsshop.co.uk/products/hp-probook-450-15-6-inch-g9-laptop-rechargeable-li-ion-battery,Two sizes: M73472-005 = 3-cell 51.3Wh (standard); M02027-005 = 3-cell 45Wh (some configs). Both are type RH03XL.,img/hp-rh03xl.jpg,https://www.ifixit.com/products/hp-rh03xl-laptop-battery,,65,HP 4.5mm barrel,19.5V 3.33A,710412-001; 913691-850; L67440-001,medium,https://www.manualslib.com/manual/3225904/Hp-Probook-450-G9.html,"HP Maintenance and Service Guide product description lists 65W right-angle nPFC 4.5mm adapters. QuickSpecs also offer 45W/65W USB-C options; some UMA SKUs ship 45W. Laptop has both a 4.5mm port and USB-C PD. Part number detail: 913691-850: EM; L67440-001: 65W USB-C alt, 1P3K6AA."
HP,ProBook 630 G8 Notebook PC,,RH03XL,M02027-005,45,3,medium,https://www.laptopbatteryexpress.com/HP-RH03XL-Battery-for-ProBook-430-630-640-650-G8-p/hp-rh03xl.htm,"3-cell 45Wh 11.4V. Alt HP codes HSTNN-IB9P, HSTNN-OB1T, M01524-xxx.",img/hp-rh03xl.jpg,https://www.ifixit.com/products/hp-rh03xl-laptop-battery,,65,HP 4.5mm barrel,19.5V 3.33A,L25298-002; 710412-001; 854055-003; H6Y89AA,high,https://www.notebookcampus.de/pdf/32750.pdf,"QuickSpecs (mirror): 65 W Smart AC adapter, 4.5 mm standard barrel, 19.5 V. 45 W 4.5 mm and 45/65 W USB-C also offered by config. Part numbers from own knowledge. Part number detail: H6Y89AA: option kit."
HP,ProBook 635 Aero G7 Notebook PC,,GR03XL,M12451-005; L78555-005,42,3,medium,https://www.polartech.com.au/products/gr03xl-hp-probook-635-aero-g7-g8-notebook-pc-series-laptop-replacement-battery,Two sizes: M12451-005 (also M12451-006) = GR03XL 3-cell 42Wh (standard Aero fit); L78555-005 = CC03XL 3-cell 53Wh (long-life option).,img/hp-gr03xl.jpg,https://www.polartech.com.au/products/gr03xl-hp-probook-635-aero-g7-g8-notebook-pc-series-laptop-replacement-battery,Replacement pack pictured (part M12451-006); page lists GR03XL. Size suffix _535x removed from the Shopify URL,65,USB-C,"5-20V up to 3.25A (USB-C PD, 20V 3.25A)",L04650-850; L32392-001; 1P3K6AA,medium,https://media.dustin.eu/media/d200001001302169/probook-635-aero-g7-produktinformation-2.pdf,QuickSpecs: HP 65W USB-C adapter with HP Fast Charge; 45W USB-C on some SKUs. Part number detail: 1P3K6AA: retail.
HP,ProBook 650 G8 Notebook PC,,RH03XL,M02027-005,45,3,medium,https://www.laptopbatteryexpress.com/HP-ProBook-650-G8-battery-p/hp-rh03xl-650g8.htm,3-cell 45Wh 11.4V RH03XL.,img/hp-rh03xl.jpg,https://www.ifixit.com/products/hp-rh03xl-laptop-battery,,65,HP 4.5mm barrel,19.5V 3.33A,913691-850; 710412-001; 854055-003; L24008-001,medium,https://coywood.com/Hp-ProBook-650-G8-charger,Third-party OEM page: 65W 4.5 mm barrel is the most common ship; HP also offered 45W 4.5 mm barrel and 45W / 65W USB-C on this model. QuickSpecs (c06725528) was not reachable.
HP,"Spectre x360 13-aw0000 series (2019, 13.3 inch)",HP Spectre x360 Convertible 13-aw0xxx,RR04XL,L60373-005,60,4,medium,https://www.amazon.com/RR04XL-Replacement-13-aw0013dx-13-aw0023dx-13-aw2003dx/dp/B0FL6D928Q,"4-cell 60Wh RR04XL (RR04060XL). Alt codes HSTNN-DB9K, HSTNN-OB1M, L60213-2C1. Cell count from the RR04 code.",img/hp-rr04xl.jpg,https://www.laptopbatteryexpress.com/HP-RR04XL-Battery-for-Spectre-X360-13-AW-Series-p/hp-rr04xl.htm,,65,USB-C,5-20V up to 3.25A (20V 3.25A / 15V 4.33A / 12V 5A / 9V 3A / 5V 3A),L32392-001; L04650-850; 3PN48AA,medium,https://www.sparepartworld.com/hp/notebook/spectre-serie/spectre-x360-13-aw0000/adapter-73690263,Parts dealer lists the original 65 W USB-C adapter (20V 3.25A). The spare number L32392-001 is confirmed by another dealer (cpumedics) for the 13-aw0000 series. HP support page timed out. Part number detail: 3PN48AA: retail slim.
HP,ZBook Firefly 14 G7 Mobile Workstation,,CC03XL,L78555-005,53,3,medium,https://www.sparepartworld.com/hp/notebook/zbook-serie/zbook-firefly-14-g7/battery-76012542,"3-cell 53Wh 11.55V CC03XL (CC03053XL-PL). Alt codes HSTNN-DB9Q, L77608-2C1, L77608-421. Note: 14-inch uses the 53Wh CC03XL, not the 56Wh one.",img/hp-cc03xl.jpg,https://www.batterymall.com/products/kingsener-cc03xl-laptop-battery-for-hp-elitebook-830-835-840-845-g7-zbook-firefly-14-g8-mt32-mt46-l78555-005-11-55v-56wh,KingSener replacement pack pictured; page lists CC03XL and L78555-005,65,USB-C,5-20V up to 3.25A (20V 3.25A / 15V 4.33A / 12V 5A / 9V 3A / 5V 3A),L04650-850; L30757-002; L32392-001; 860209-850; 1HE08AA,medium,https://www.sparepartworld.com/hp/notebook/zbook-serie/zbook-firefly-14-g7/adapter-72850071,Sparepartworld and coywood list a 65 W USB-C (20V 3.25A) as the original adapter. Firefly 14 G7 has no barrel jack; USB-C only. Part numbers from coywood.
HP,ZBook Firefly 14 inch G8 Mobile Workstation PC,,CC03XL,L78555-005,53,3,medium,https://www.sparepartworld.com/hp/notebook/zbook-serie/zbook-firefly-14-g8/battery-101178629,3-cell 53Wh 11.55V CC03XL (CC03053XL-PL). Same battery as Firefly 14 G7.,img/hp-cc03xl.jpg,https://www.batterymall.com/products/kingsener-cc03xl-laptop-battery-for-hp-elitebook-830-835-840-845-g7-zbook-firefly-14-g8-mt32-mt46-l78555-005-11-55v-56wh,KingSener replacement pack pictured; page lists CC03XL and L78555-005,65,HP 4.5mm barrel,19.5V 3.33A,710412-001; 913691-850; L04650-850,high,https://h20195.www2.hp.com/v2/GetDocument.aspx?docname=c06977950,"QuickSpecs (c06977950) Power Supply: HP Smart 65W External AC power adapter (standard), HP Smart 45W (not with discrete graphics). Laptop has a 4.5mm AC power connector; HP 'Smart External' = 4.5mm barrel. 65W USB-C adapters are also listed in the tech specs. Part number detail: 913691-850: EM; L04650-850: 65W USB-C alt."
HP,ZBook Firefly 15 G7 Mobile Workstation,,CC03XL,L77991-005,56,3,medium,https://www.hp-battery.com/hp-zbook-firefly-15-g7.html,"3-cell 56Wh 11.55V CC03XL (CC03056XL). Alt codes HSTNN-DB9O, HSTNN-UB8W, L77622-2C1/2C2/541. The 15-inch uses the 56Wh CC03XL, not the 53Wh one.",img/hp-cc03xl.jpg,https://www.batterymall.com/products/kingsener-cc03xl-laptop-battery-for-hp-elitebook-830-835-840-845-g7-zbook-firefly-14-g8-mt32-mt46-l78555-005-11-55v-56wh,KingSener replacement pack pictured; page lists CC03XL and L78555-005,65,USB-C,5-20V up to 3.25A (20V 3.25A),L04650-850; L67440-001; L25298-002,high,https://h30434.www3.hp.com/psg/attachments/psg/Hardware/782410/1/ZBookFirefly15G7_datasheet.pdf,HP datasheet: HP Smart 65 W adapter standard (45 W not available with discrete graphics). Adapter offered as 65 W USB-C (slim or standard) or 65 W 4.5 mm barrel; laptop has both ports. Part numbers from own knowledge. Part number detail: L67440-001: slim; L25298-002: 65W 4.5mm.
HP,ZBook Firefly 15.6 inch G8 Mobile Workstation PC,,CC03XL,L77991-005,56,3,medium,https://www.hplaptopbattery.us/zbook-firefly-15.6-inch-g8-battery-hp.htm,3-cell 56Wh 11.55V CC03XL. Genuine G8 units also seen with L77991-002.,img/hp-cc03xl.jpg,https://www.batterymall.com/products/kingsener-cc03xl-laptop-battery-for-hp-elitebook-830-835-840-845-g7-zbook-firefly-14-g8-mt32-mt46-l78555-005-11-55v-56wh,KingSener replacement pack pictured; page lists CC03XL and L78555-005,65,USB-C,"5-20V up to 3.25A (USB-C PD, 20V 3.25A)",L04650-850; L32392-001; L30757-002,high,https://h20195.www2.hp.com/v2/GetDocument.aspx?docname=c06977947,QuickSpecs: 65W nPFC standard USB Type-C straight 1.8 m adapter
HP,ZBook Power G7 Mobile Workstation,,IR06XL,M02029-005,83,6,medium,https://www.laptopbatterydirect.net/hp/hp-zbook-power-g7-battery.htm,"6-cell 83Wh 11.58V IR06XL (IR06083XL). Alt codes TPN-DB0C, M01523-2C1, M01523-2C2.",img/hp-ir06xl.jpg,https://www.laptopbatteryexpress.com/HP-IR06XL-Battery-for-ZBook-Power-G7-p/hp-ir06xl.htm,,150,HP 4.5mm barrel,19.5V 7.7A,L32661-001; 917649-850; 776620-001,medium,https://coywood.com/Hp-ZBook-Power-G7-charger,150W Slim Smart 4.5 mm for discrete graphics (Quadro T1000 / T2000 / P620) configs; 120W Smart 4.5 mm (710415-001 / 732811-003) for UMA configs. QuickSpecs was not reachable.
HP,ZBook Studio 16 inch G9 Mobile Workstation PC,,MN06XL,M82230-005,86,6,medium,https://www.laptopbatteryexpress.com/HP-MN06XL-Battery-for-ZBook-Studio-G9-p/hp-mn06xl.htm,"6-cell 86Wh 11.58V MN06XL. Alt codes M82220-1C1, M82220-2C1, TPN-DB1B, TPN-IB0M.",img/hp-mn06xl.jpg,https://www.laptopbatteryexpress.com/HP-MN06XL-Battery-for-ZBook-Studio-G9-p/hp-mn06xl.htm,,200,HP 4.5mm barrel,19.5V 10.3A,491C7AA; L00818-850; 4SC18AA; 6E6M1AA,high,https://h20195.www2.hp.com/v2/GetDocument.aspx?docname=c08143475,HP QuickSpecs lists the HP ZBook 200W Slim Smart 4.5mm AC adapter (491C7AA); 150 W (19.5V 7.7A) and 230 W Slim Smart 4.5 mm adapters are also listed. Lower-GPU configs may ship with the 150 W adapter. The spare number L00818-850 is from general knowledge. Part number detail: 491C7AA: retail 200 W; L00818-850: 200 W spare; 4SC18AA: 150 W; 6E6M1AA: 230 W.
HP,ZBook Studio G7 Mobile Workstation,,MB06XL,L78553-005,83,6,medium,https://www.sparepartworld.com/hp/notebook/zbook-serie/zbook-studio-g7/battery-98531401,"6-cell 83Wh 11.58V MB06XL (MB06083XL-PL). Alt codes HSTNN-IB9E, L77973-1C1, L78553-002.",img/hp-mb06xl.jpg,https://www.laptopbatteryexpress.com/HP-MB06XL-Battery-for-ZBook-Studio-G7-p/hp-mb06xl.htm,,200,HP 4.5mm barrel,19.5V 10.3A,L00818-850; L00895-003; 835888-001; 4SC19AA; TPN-DA10; TPN-CA03,medium,https://www.hppartsshop.co.uk/products/hp-zbook-studio-g7-mobile-workstation-ac-adapter,"Two adapters by config: 200 W slim 4.5 mm (19.5V 10.3A) for RTX 3000 and higher GPUs; 150 W slim 4.5 mm (19.5V 7.7A, e.g. L32661-001 / 4SC18UT) for base Quadro T1000/T2000 configs. 200 W works for all configs."
HP,ZBook Studio x360 G5 Mobile Workstation,,ZG06XL,L07045-855,95.9,6,medium,https://www.laptopbatteryexpress.com/HP-ZG06XL-Battery-for-Zbook-Studio-X360-G5-p/hp-zg06xl.htm,"6-cell 95.9Wh 11.55V ZG06XL (ZG06095XL-PL). Alt codes HSTNN-IB8H, L07351-1C1, L07046-855. A 4-cell 64Wh ZG04XL (ZG04064XL-PL) variant is also listed for this chassis.",img/hp-zg06xl.jpg,https://www.ifixit.com/products/hp-zg06xl-replacement-battery,,150,HP 4.5mm barrel,19.5V 7.7A,917677-003; 917649-850; L32661-001; 4SC18UT,high,https://www.dokmeha.com/wp-content/uploads/2021/05/HP-ZBook-Studio-x360-G5-Convertible-Workstation-QuickSpecs-DOKMEHA.pdf,QuickSpecs list the HP 150W Slim Smart AC adapter (4.5mm) as the shipped unit; HP 200W Slim Smart AC adapter (4SC19AA) is an optional accessory. Part number detail: 4SC18UT: retail.
HP,OMEN X 2S 15-dg0xxx,OMEN X by HP Laptop 15-dg0xxx,DX06XL,L32749-005,72.9,6,medium,https://www.hp-battery.com/hp-omen-x-2s-15-dg0005ne.html,"6-cell 72.9Wh 11.55V DX06XL (DX06072XL). Alt codes HSTNN-DB9B, HSTNN-DB98, L32701-2C1. Cell count from the DX06 code.",img/hp-dx06xl.jpg,https://www.laptopbatteryexpress.com/HP-DX06XL-Battery-for-Omen-X-2S-15-DG-models-p/hp-dx06xl.htm,,230,HP 7.4mm barrel,19.5V 11.8A,L58062-001; 925141-850; TPN-LA10; ADP-230SB,medium,https://www.sparepartworld.com/hp/notebook/omen-serie/omen-x-15-dg0000/adapter-103401468,"230 W slim adapter, 7.4 x 5.0 mm barrel with centre pin. HP support spec page not fetched. Part numbers from Amazon listings and own knowledge."
HP,ProBook 430 G6 Notebook PC,,RE03XL,L32656-005,45,3,medium,https://www.hppartsshop.co.uk/products/hp-probook-430-g6-laptop-battery,"3-cell 45Wh 11.55V RE03XL. Alt codes HSTNN-DB9A, HSTNN-UB7R, HSTNN-OB1C, L32407-2C1, L32656-002.",img/hp-re03xl.jpg,https://www.laptopbatteryexpress.com/HP-RE03XL-Battery-p/hp-re03xl.htm,,45,HP 4.5mm barrel,19.5V 2.31A,741727-001; 854054-002; 741553-850; H6Y88AA,high,https://gc3.de/files/quickspecs/qs_430G6.pdf,QuickSpecs: 45W Smart AC adapter 4.5 mm standard; 65W Smart AC adapter (710412-001 / H6Y82AA) on higher configs; USB-C 45W/65W also supported
HP,ProBook 430 G7 Notebook PC,,RE03XL,L32656-005,45,3,medium,https://www.lapalfa.com/products/hp-probook-430-g7-laptop-battery,"3-cell 45Wh 11.55V RE03XL. Alt codes HSTNN-DB9A, HSTNN-UB7R, L32407-2C1.",img/hp-re03xl.jpg,https://www.laptopbatteryexpress.com/HP-RE03XL-Battery-p/hp-re03xl.htm,,65,HP 4.5mm barrel,19.5V 3.33A,913691-850; 710412-001; 854055-003; L24008-001,medium,https://coywood.com/Hp-ProBook-430-G7-charger,HP MSG lists 45W Smart 4.5 mm (741727-001 / 854054-002) and 65W Smart 4.5 mm; third-party OEM page says the 65W is the common ship. Also charges over USB-C PD.
HP,ProBook 430 G8 Notebook PC,,RH03XL,M02027-005,45,3,medium,https://notebookparts.com/products/new-genuine-hp-probook-430-g8-440-g8-445-g8-11-4v-45wh-battery-rh03xl,"3-cell 45Wh 11.4V RH03XL. Alt codes HSTNN-OB1T, HSTNN-IB9P, M01524-xxx.",img/hp-rh03xl.jpg,https://www.ifixit.com/products/hp-rh03xl-laptop-battery,,45,HP 4.5mm barrel,19.5V 2.31A,741727-001; L25296-002; H6Y88AA; 710412-001; 3PN48AA; 1MZ01AA,high,https://www.rackfinity.com/content/PB430G8-QuickSpecs.pdf,"HP QuickSpecs (c06907845, mirror copy): options are HP Smart 65 W External AC, 65 W EM, 65 W USB Type-C, 45 W External AC, 45 W USB Type-C; spares listed as AC Adapter 45 Watt Smart, 65 Watt Smart, 65 Watt nPFC. UMA configs ship with the 45 W 4.5 mm adapter. Spare numbers are from general knowledge. Part number detail: H6Y88AA: retail; 710412-001: 65 W; 3PN48AA: 65 W USB-C; 1MZ01AA: 45 W USB-C."
HP,ProBook 440 G7 Notebook PC,,RE03XL,L32656-005,45,3,medium,https://www.sparepartworld.com/hp/notebook/probook-serie/probook-440-g7/battery-53243231,"3-cell 45Wh 11.55V RE03XL. Alt codes HSTNN-DB9A, HSTNN-UB7R, L32407-2B1/2C1/541.",img/hp-re03xl.jpg,https://www.laptopbatteryexpress.com/HP-RE03XL-Battery-p/hp-re03xl.htm,,65,HP 4.5mm barrel,19.5V 3.33A,913691-850; 710412-001; L25298-002; 854056-002,medium,https://coywood.com/Hp-ProBook-440-G7-charger,"Coywood lists four options for the 440 G7: 65 W 4.5 mm barrel (most common), 45 W 4.5 mm barrel (19.5V 2.31A, UMA configs), 45 W USB-C and 65 W USB-C. HP QuickSpecs list HP Smart 45 W and 65 W adapters; the 65 W ships with MX250 configs."
HP,ProBook 450 G8 Notebook PC,,RH03XL,M02027-005,45,3,medium,https://www.laptopbatteryexpress.com/HP-ProBook-450-G8-Battery-p/hp-rh03xl-450g8.htm,"3-cell 45Wh 11.4V RH03XL. Alt codes HSTNN-IB9P, HSTNN-OB1T, M01524-xxx. Not HT03XL (that is a Pavilion battery).",img/hp-rh03xl.jpg,https://www.ifixit.com/products/hp-rh03xl-laptop-battery,,45,HP 4.5mm barrel,19.5V 2.31A,741727-001; 742436-001; 710412-001; L67440-001,medium,https://hp.it-shop.bg/uploaded/8/4/ProBook-450-G8-QS.pdf,QuickSpecs (c06907888) list HP Smart 45W and 65W 4.5mm adapters and 45W/65W USB-C adapters. UMA SKUs ship the 45W 4.5mm Smart adapter; MX450 SKUs ship 65W. Spare part numbers from the ProBook 450 G8 service guide. Part number detail: 742436-001: 2-pin; 710412-001: 65W 4.5mm alt; L67440-001: 65W USB-C alt.
HP,ZBook 15 G6 Mobile Workstation,,VX04XL,L05766-855,90,4,medium,https://www.ifixit.com/products/hp-vx04xl-zbook-15-g5-g6-laptop-battery,"4-cell 90Wh 15.4V VX04XL (VX04090XL). Alt codes HSTNN-IB8F, HSN-Q13C, L06302-1C1, 4ME79AA. Same battery as ZBook 15 G5.",img/hp-vx04xl.jpg,https://www.ifixit.com/products/hp-vx04xl-zbook-15-g5-g6-laptop-battery,,150,HP 4.5mm barrel,19.5V 7.7A,L32661-001; 917649-850; TPN-DA09; L00818-850,medium,https://www8.hp.com/h20195/v2/GetDocument.aspx?docname=c06305136,"QuickSpecs (search snippet; direct fetch returned 503): 150 W Slim Smart AC adapter, 4.5 mm. 200 W slim 4.5 mm (19.5V 10.3A) ships with top GPU configs. Part numbers from own knowledge. Part number detail: L00818-850: 200W."
HP,ZBook Studio G3 Mobile Workstation,,ZO04XL,808396-421; 808450-001,64,4,medium,https://www.ifixit.com/products/hp-zbook-studio-g3-g4-laptop-battery,"4-cell 64Wh 15.2V ZO04XL. Alt codes HSTNN-CS8C, HSTNN-C88C, HSTNN-LB6W, 808450-002. Some listings also show a ZO06XL code; no page confirmed its Wh.",img/hp-zo04xl.jpg,https://www.laptopbatteryexpress.com/HP-ZBOOK-Studio-G3-Battery-ZO04XL-p/hp-zo04xl.htm,,150,HP 4.5mm barrel,19.5V 7.7A,776620-001; 775626-003; 917649-850; W2F74AA,medium,https://www.neweggbusiness.com/product/product.aspx?item=9b-16j-01uw-000f9,"150W HP Smart slim AC adapter (4.5 mm); some ZBook Studio G3 SKUs shipped with 120W (4.5 mm, 710415-001)"
HP,ZBook Studio G4 Mobile Workstation,,ZO04XL,808450-001; 907584-850,64,4,medium,https://www.ifixit.com/Parts/HP_ZBook_Studio_G4/Batteries,Two sizes: 808450-001 (also 808396-421) = ZO04XL 4-cell 64Wh 15.2V (standard); 907584-850 = ZN08XL 92Wh 15.4V long-life option (also 907428-2C1).,img/hp-zo04xl.jpg,https://www.laptopbatteryexpress.com/HP-ZBOOK-Studio-G3-Battery-ZO04XL-p/hp-zo04xl.htm,,150,HP 4.5mm barrel,19.5V 7.7A,776620-001; 775626-003; L32661-001; 4SC18AA,low,https://support.hp.com/rs-en/document/c05490369,"From general knowledge: ZBook Studio G4 ships the HP 150W Slim Smart AC adapter (4.5 mm). The HP support spec page and QuickSpecs (c05346673) timed out, and the 150W adapter spec sheet did not name this model."
HP,ZBook Studio G5 Mobile Workstation,,ZG06XL,L07045-855,95.9,6,medium,https://www.sparepartworld.com/laptop-spare-parts/batteries/battery-zg06xl-53452575,"6-cell 95.9Wh 11.55V ZG06XL (ZG06095XL). Alt codes HSTNN-IB8H, L07046-855, L07351-1C1. Shared with ZBook Studio x360 G5 and EliteBook 1050 G1.",img/hp-zg06xl.jpg,https://www.ifixit.com/products/hp-zg06xl-replacement-battery,,150,HP 4.5mm barrel,19.5V 7.7A,917649-850; L32661-001; 4SC18UT; 4SC19AA,high,https://www.rackfinity.com/content/ZBStudioG5-QuickSpecs.pdf,"HP QuickSpecs (mirror copy): Power = HP 150W Slim Smart AC adapter (4SC18UT); HP 200W Slim Smart AC Adapter (4SC19AA, 19.5V 10.3A) is listed as an option for high-end GPU configs. Blue-tip 4.5 mm x 3.0 mm connector. Spare numbers come from parts dealers. Part number detail: 4SC18UT: retail; 4SC19AA: 200 W."
Lenovo,ThinkPad X390 (MTM 20Q0),20Q0S04K00,L18M6PD1,02DL017; 02DL018; 02DL019; 02DL020,48,3,medium,https://www.ifixit.com/products/lenovo-thinkpad-x390-replacement-battery,"48Wh 3-cell. Cell packs L18M6PD1 (02DL017), L18M6PD2 (02DL018), L18C6PD1 (02DL019), L18D6PD1 (02DL020). Shared with X395 and X13 Gen 1.",img/lenovo-l18m6pd1.png,https://www.storeshoppe.com/products/lenovo-thinkpad-x13-gen-1-x390-x395-l18c6pd1-l18l6pd1-l18m6pd1-battery,,65,USB-C,5-20V up to 3.25A (20V 3.25A / 15V 3A / 9V 2A / 5V 2A),02DL128; 01FR030; ADLX65YDC3A; 4X20M26272; 5A10W86251,high,https://psref.lenovo.com/syspool/Sys/PDF/ThinkPad/ThinkPad_X390/ThinkPad_X390_Spec.PDF,"PSREF lists 45 W USB-C (2/3-pin), 65 W USB-C slim (2/3-pin) and 65 W USB-C (2/3-pin); offering depends on country. 65 W is the common ship adapter; 45 W on some low configs. FRU numbers from coywood/Lenovo spare listings."
Lenovo,ThinkPad X1 Carbon 7th Gen (MTM 20QD),20QDS00N00,L18M4P72,02DL004; 02DL005; 02DL006,51,4,medium,https://www.amazon.com/LBTECH-Compatible-Replacement-SB10K97642-SB10K97643/dp/B085PXS9CF,"Cell packs L18L4P71 (02DL004), L18M4P72 (02DL005), L18C4P71 (02DL006). 51Wh 4-cell is the only size. Shared with X1 Carbon 8th Gen and X1 Yoga Gen 4/5.",img/lenovo-l18m4p72.jpg,https://www.laptopbatteryexpress.com/Lenovo-L18M4P72-Battery-p/len-x1c7-l18m4p72.htm,,65,USB-C,5-20V up to 3.25A (20V 3.25A),02DL120; 02DL121; 01FR024; 01FR030,high,https://psref.lenovo.com/syspool/Sys/PDF/ThinkPad/ThinkPad_X1_Carbon_7th_Gen/ThinkPad_X1_Carbon_7th_Gen_Spec.PDF,PSREF lists 45W and 65W USB-C adapters (offering depends on country); 65W is standard and needed for Rapid Charge. Part number detail: 01FR030: ADLX65YDC3A.
Lenovo,ThinkBook 13s IML,,L18M4PF0,5B10S73499; 5B10S73500; 5B10S73501; 5B10W67315,45,4,medium,https://www.amazon.com/BOWEIRUI-L18C4PF0-Replacement-ThinkBook-Notebook/dp/B07X22VLFF,"Cell packs L18M4PF0, L18C4PF0, L18D4PF0. 45Wh 4-cell. Same battery in ThinkBook 13s-IWL/IML and 14s-IWL/IML.",img/lenovo-l18m4pf0.jpg,https://www.laptopbatteryexpress.com/Lenovo-L18M4PF0-battery-for-ThinkPad-13S-IML-and-1-p/len-t14s-l18m4pf0.htm,,65,USB-C,5-20V up to 3.25A (20V 3.25A),02DL125; 5A10W86251; 02DL128,high,https://psref.lenovo.com/syspool/Sys/PDF/ThinkBook/ThinkBook_13s_IML/ThinkBook_13s_IML_Spec.pdf,"PSREF lists 45 W slim tip, 45 W USB-C, 65 W slim tip, 65 W USB-C and 65 W USB-C slim; datasheet names 65 W USB-C slim; rapid charge needs 65 W. Laptop has both slim tip and USB-C ports. FRUs from own knowledge. Part number detail: 02DL125: ADLX65YCC3D; 02DL128: 65W slim."
Lenovo,ThinkBook 14 IML,,L19C3PF1,5B10V25251; 5B10V25250; 5B10W67364; 5B10V25237,45,3,medium,https://notebookparts.com/products/new-genuine-lenovo-thinkbook-14-iml-11-4v-45wh-3cell-battery-5b10v25251,"45Wh 3-cell. Cell packs L19C3PF1, L19M3PF1, L19L3PF1, L19D3PF1; also L19L3PF8 / L19M3PF9 (5B10V25237). Shared with ThinkBook 14-IIL, 15-IML, 15-IIL.",img/lenovo-l19c3pf1.jpg,https://www.laptopbatteryexpress.com/Lenovo-L19C3PF1-battery-for-ThinkBook-14-p/len-t14iml-l19c3pf1.htm,,65,USB-C,"5-20V up to 3.25A (USB-C PD, 20V 3.25A)",ADLX65YCC3D / 5A10W86251; ADLX65YLC3A / 01FR024; ADLX65NLC3A / 5A10W86250,medium,https://psref.lenovo.com/syspool/Sys/PDF/ThinkBook/ThinkBook_14_IML/ThinkBook_14_IML_Spec.pdf,"PSREF lists two shipped options: 65W USB-C slim AC adapter or 65W slim tip (Lenovo Slim Tip, 20V 3.25A) AC adapter; which one ships depends on SKU/country. Part number detail: ADLX65NLC3A / 5A10W86250: slim tip."
Lenovo,ThinkBook 14s IML,,L18M4PF0,5B10S73499; 5B10S73500; 5B10S73501; 5B10W67315,45,4,medium,https://www.amazon.com/BOWEIRUI-L18C4PF0-Replacement-ThinkBook-Notebook/dp/B07X22VLFF,"Cell packs L18M4PF0, L18C4PF0, L18D4PF0. 45Wh 4-cell. Same battery in ThinkBook 13s-IWL/IML and 14s-IWL/IML.",img/lenovo-l18m4pf0.jpg,https://www.laptopbatteryexpress.com/Lenovo-L18M4PF0-battery-for-ThinkPad-13S-IML-and-1-p/len-t14s-l18m4pf0.htm,,65,USB-C,5-20V up to 3.25A,5A10W86251; 01FR024; 4X20M26272,high,https://psref.lenovo.com/syspool/Sys/PDF/ThinkBook/ThinkBook_14s_IML/ThinkBook_14s_IML_Spec.PDF,PSREF: 65W USB-C slim AC adapter. Lenovo FRU numbers vary by region (slim vs standard; 2-pin vs 3-pin).
Lenovo,ThinkBook 15p IMH (Gen 1),,L19M3PD9,5B10Z19320; 5B10Z19319,57,3,medium,https://www.amazon.com/JIAZIJIA-L19M3PD9-Replacement-5B10Z19320-SB10Z19322/dp/B08Y5QJ56P,"57Wh 3-cell L19M3PD9 / L19D3PD9 is the standard battery. Some shops also list L19M3PF7 (45Wh 3-cell, IdeaPad Gaming 3 pack) as a fit for this model.",img/lenovo-l19m3pd9.jpg,https://www.laptopbatteryexpress.com/L19M3PD9-Battery-for-ThinkBook-15P-Gen-2-p/len-t15p-l19m3pd9.htm,,135,Lenovo Slim Tip,20V 6.75A,ADL135NLC3A; ADL135NDC3A; 4X20E50558,high,https://psref.lenovo.com/syspool/Sys/PDF/ThinkBook/ThinkBook_15p_IMH/ThinkBook_15p_IMH_Spec.pdf,"PSREF: 135W slim tip (3-pin) AC adapter, 100-240V. FRU numbers are the common Lenovo 135 W slim tip adapters from general knowledge; PSREF does not list FRUs. Part number detail: ADL135NLC3A: FRU 5A10W86289; ADL135NDC3A: FRU 01FR050; 4X20E50558: retail."
Lenovo,ThinkBook 13s G2 ITL,,L19M4PDD,5B10Z37621; 5B10Z37618; 5B10Z37617,56,4,medium,https://walmart.com/ip/5353000130,"Cell packs L19M4PDD (5B10Z37621), L19C4PDD (5B10Z37618), L19D4PDD (5B10Z37617). 56Wh 4-cell. Same battery in ThinkBook 13s G2 ITL/ARE and 14s G2 ITL.",img/lenovo-l19m4pdd.jpg,https://www.batterymall.com/products/l19m4pdd-l19c4pdd-laptop-battery-for-lenovo-thinkbook-13s-g2-are-thinkbook-13s-g2-itl-thinkbook-14s-g2-itl-series-l19d4pdd-5b10z37617-5b10z37621,,65,USB-C,5-20V up to 3.25A (20V 3.25A / 15V 3A / 12V 3A / 9V 3A / 5V 3A),5A10W86251; 02DL128; ADLX65YDC3A; ADLX65YLC3A; 01FR024,high,https://psref.lenovo.com/syspool/Sys/PDF/ThinkBook/ThinkBook_13s_G2_ITL/ThinkBook_13s_G2_ITL_Spec.html,"PSREF lists 65 W USB-C (3-pin) and 65 W USB-C slim (2-pin, wall-mount), PD 3.0. FRU numbers from third-party listings (emerpower/eBay)."
Lenovo,ThinkBook 14 G2 ITL,,L19M3PDA,5B10Z21210; 5B10Z21202; 5B10Z21198; 5B10Z21197; 5B10Z21209; 5B10Z21201,45,3,medium,https://www.amazon.com/L19M3PDA-ThinkBook-5B10Z21202-5B10Z21210-5B10Z21198/dp/B0CKW5XHTF,Two sizes: 45Wh 3-cell L19M3PDA / L19C3PDA / L19L3PDA / L19D3PDA (5B10Z21210 / 5B10Z21202 / 5B10Z21198 / 5B10Z21197) or 60Wh 4-cell L19M4PDB / L19C4PDB (5B10Z21201 / 5B10Z21209). Shared with ThinkBook 14/15 G2 to G5.,img/lenovo-l19m3pda.jpg,https://www.laptopbatteryexpress.com/L19M3PDA-battery-p/len-t14g2-l19m3pda.htm,,65,USB-C,5-20V up to 3.25A (20V 3.25A),5A10W86251; 5A10W86243; 02DL120,high,https://psref.lenovo.com/syspool/Sys/PDF/ThinkBook/ThinkBook_14_G2_ITL/ThinkBook_14_G2_ITL_Spec.PDF,"PSREF lists a 65W USB-C (3-pin) adapter, PD 3.0; 65W USB-C slim wall-mount version in selected countries."
Lenovo,ThinkBook 14 G5 IRL,,L19D3PDA,5B10Z21197; 5B10Z21209; 5B11C22842,45,3,medium,https://store.emprgroup.com.au/lenovo-laptop-battery-for-thinkbook-14-g5-irl.aspx,"Two sizes: 45Wh 3-cell L19D3PDA (5B10Z21197) or 60Wh 4-cell L19C4PDB / L20M4PDB (5B10Z21209, 5B11C22842).",img/lenovo-l19d3pda.jpg,https://www.laptopbatteryexpress.com/Lenovo-L19D3PDA-battery-p/len-t14g2-l19d3pda.htm,,65,USB-C,5-20V up to 3.25A (20V 3.25A),5A10W86251; 02DL125; 5A11D52407,high,https://psref.lenovo.com/syspool/Sys/PDF/ThinkBook/ThinkBook_14_G5_IRL/ThinkBook_14_G5_IRL_Spec.pdf,"PSREF: 65 W USB-C (3-pin) or 65 W USB-C slim AC adapter, PD 3.0. FRUs from own knowledge. Part number detail: 02DL125: ADLX65YCC3D; 5A11D52407: 65W slim."
Lenovo,ThinkBook 14s G2 ITL,,L19M4PDD,5B10Z37621; 5B10Z37618; 5B10Z37617,56,4,medium,https://walmart.com/ip/5353000130,"Cell packs L19M4PDD (5B10Z37621), L19C4PDD (5B10Z37618), L19D4PDD (5B10Z37617). 56Wh 4-cell. Same battery in ThinkBook 13s G2 ITL/ARE and 14s G2 ITL.",img/lenovo-l19m4pdd.jpg,https://www.batterymall.com/products/l19m4pdd-l19c4pdd-laptop-battery-for-lenovo-thinkbook-13s-g2-are-thinkbook-13s-g2-itl-thinkbook-14s-g2-itl-series-l19d4pdd-5b10z37617-5b10z37621,,65,USB-C,"5-20V up to 3.25A (USB-C PD, 20V 3.25A)",ADLX65YCC3D / 5A10W86251; ADLX65YLC3A / 01FR024; ADLX65YLC3D / 5A10W86249,high,https://psref.lenovo.com/syspool/Sys/PDF/ThinkBook/ThinkBook_14s_G2_ITL/ThinkBook_14s_G2_ITL_Spec.pdf,"PSREF: 65W USB-C slim (2-pin wall-mount) or 65W USB-C (3-pin) AC adapter, PD 3.0; offering depends on country"
Lenovo,ThinkBook 14s Yoga ITL,,L19C4PDB,5B10Z21209; 5B10Z21201,60,4,medium,https://www.amazon.com/TsuLin-L19C4PDB-Replacement-5B10Z21209-5B10Z21201/dp/B092SJSBG3,Cell packs L19C4PDB (5B10Z21209) / L19M4PDB (5B10Z21201). 60Wh 4-cell only.,img/lenovo-l19c4pdb.jpg,https://www.laptopbatteryexpress.com/Lenovo-L19C4PDB-battery-for-ThinkBook-14S-Yoga-p/len-tb14sg2.htm,,65,USB-C,5-20V up to 3.25A,5A10W86251; 01FR024; 4X20M26272,high,https://psref.lenovo.com/syspool/Sys/PDF/ThinkBook/ThinkBook_14s_Yoga_ITL/ThinkBook_14s_Yoga_ITL_Spec.pdf,"PSREF: 65W USB-C (3-pin) AC adapter PD 3.0, or 65W USB-C slim (2-pin, wall-mount) by country. Lenovo FRU numbers vary by region."
Lenovo,ThinkBook 15 G2 ITL,,L19M3PDA,5B10Z21210; 5B10Z21202; 5B10Z21198; 5B10Z21197; 5B10Z21209; 5B10Z21201,45,3,medium,https://www.amazon.com/L19M3PDA-ThinkBook-5B10Z21202-5B10Z21210-5B10Z21198/dp/B0CKW5XHTF,Two sizes: 45Wh 3-cell L19M3PDA / L19C3PDA / L19L3PDA / L19D3PDA (5B10Z21210 / 5B10Z21202 / 5B10Z21198 / 5B10Z21197) or 60Wh 4-cell L19M4PDB / L19C4PDB (5B10Z21201 / 5B10Z21209). Shared with ThinkBook 14/15 G2 to G5.,img/lenovo-l19m3pda.jpg,https://www.laptopbatteryexpress.com/L19M3PDA-battery-p/len-t14g2-l19m3pda.htm,,65,USB-C,5-20V up to 3.25A (20V 3.25A / 15V 3A / 9V 2A / 5V 2A),ADLX65YAC3A; ADLX65YLC3A; 5A10W86251,high,https://psref.lenovo.com/syspool/Sys/PDF/ThinkBook/ThinkBook_15_G2_ITL/ThinkBook_15_G2_ITL_Spec.PDF,"PSREF: 65W USB-C (3-pin) AC adapter, PD 3.0; a 65W USB-C slim wall-mount (2-pin) adapter ships in some countries. FRU numbers are the common Lenovo 65 W USB-C adapters from general knowledge. Part number detail: ADLX65YAC3A: FRU 01FR030; ADLX65YLC3A: FRU 02DL128."
Lenovo,ThinkPad E14 Gen 3 (AMD),,L19M3PD5,5B10X02606; 5B10X02600; 5B10X02603; 5B11C73245; 5B11C73244,45,3,medium,https://www.amazon.com/FCZFCZ-L19M3PD5-Replacement-5B10X02606-SB10X02591/dp/B0DW46D18H,Two sizes: 45Wh 3-cell L19M3PD5 / L19C3PD5 / L19L3PD5 (5B10X02606 / 5B10X02600 / 5B10X02603) or 57Wh 3-cell L20C3PD4 / L20M3PD4 (5B11C73245 / 5B11C73244). Shared across E14/E15 Gen 2 to Gen 4.,img/lenovo-l19m3pd5.jpg,https://www.batterymall.com/products/lenovo-thinkpad-e14-gen-2-series-laptop-battery-replacement-compatible-l19m3pd5,,65,USB-C,5-20V up to 3.25A (20V 3.25A / 15V 3A / 9V 3A / 5V 3A),5A10W86251; 5A10W86259; 02DL128; ADLX65YDC3A; ADLX65YLC3A,high,https://psref.lenovo.com/syspool/Sys/PDF/ThinkPad/ThinkPad_E14_Gen_3_AMD/ThinkPad_E14_Gen_3_AMD_Spec.html,"PSREF lists 65 W USB-C (2-pin) and 65 W USB-C (3-pin), PD 3.0; no adapter on special bid only. FRU numbers from Lenovo 65W USB-C adapter spare listings."
Lenovo,ThinkPad E15 Gen 2 (Intel),,L19M3PD5,5B10X02606; 5B10X02600; 5B10X02603; 5B11C73245; 5B11C73244,45,3,medium,https://www.amazon.com/FCZFCZ-L19M3PD5-Replacement-5B10X02606-SB10X02591/dp/B0DW46D18H,Two sizes: 45Wh 3-cell L19M3PD5 / L19C3PD5 / L19L3PD5 (5B10X02606 / 5B10X02600 / 5B10X02603) or 57Wh 3-cell L20C3PD4 / L20M3PD4 (5B11C73245 / 5B11C73244). Shared across E14/E15 Gen 2 to Gen 4.,img/lenovo-l19m3pd5.jpg,https://www.batterymall.com/products/lenovo-thinkpad-e14-gen-2-series-laptop-battery-replacement-compatible-l19m3pd5,,65,USB-C,5-20V up to 3.25A (20V 3.25A),5A10W86251; 02DL120; 02DL121,high,https://psref.lenovo.com/syspool/Sys/PDF/ThinkPad/ThinkPad_E15_Gen_2_Intel/ThinkPad_E15_Gen_2_Intel_Spec.PDF,"PSREF lists 65W USB-C (2-pin or 3-pin) adapters, PD 3.0."
Lenovo,ThinkPad E15 Gen 4 (Intel),,L20L3PD4,5B11E24665; 5B11C73245; 5B10X02606,57,3,medium,https://www.ebay.com/itm/285948354063,57Wh 3-cell L20L3PD4 (5B11E24665) / L20C3PD4 (5B11C73245) is the common fit for 21E6/21E7/21ED/21EE. A 45Wh 3-cell L19M3PD5 (5B10X02606) option also exists.,img/lenovo-l20l3pd4.webp,https://www.newegg.com/l20c3pd4-l20d3pd4-l20m3pd4-lithium-ion-battery/p/16J-02C0-00372,Pictured pack is listed as L20C3PD4/L20D3PD4/L20M3PD4 (same FRU family as L20L3PD4); 640 px image,65,USB-C,5-20V up to 3.25A (20V 3.25A),5A10W86251; 02DL125; 5A11D52407,high,https://psref.lenovo.com/syspool/Sys/PDF/ThinkPad/ThinkPad_E15_Gen_4_Intel/ThinkPad_E15_Gen_4_Intel_Spec.html,"PSREF: 65 W USB-C (2-pin or 3-pin) AC adapter, PD 3.0. FRUs from own knowledge. Part number detail: 02DL125: ADLX65YCC3D; 5A11D52407: 65W slim."
Lenovo,ThinkPad L13 (Gen 1),,L18M4P90,02DL030; 02DL031; 02DL032; 5B10W13933; 5B10W13934; 5B10W13935,46,4,medium,https://www.amazon.com/5B10W13933-5B10W13934-5B10W13935-SB10T83119-SB10T83121/dp/B0CP42DRMS,"Cell packs L18M4P90 (02DL030), L18C4P90 (02DL031), L18D4P90 (02DL032). 46Wh 4-cell. Shared with L13 Yoga and L13 Gen 2.",img/lenovo-l18m4p90.jpg,https://www.batterymall.com/products/lenovo-l18m4p90-laptop-battery-for-lenovo-thinkpad-l13-yoga-series,,65,USB-C,"5-20V up to 3.25A (USB-C PD, 20V 3.25A)",ADLX65YLC3A / 01FR024; ADLX65YCC3D / 5A10W86251; ADLX45YCC3A / 01FR031,high,https://psref.lenovo.com/syspool/Sys/PDF/ThinkPad/ThinkPad_L13/ThinkPad_L13_Spec.pdf,"PSREF lists 45W USB-C, 65W USB-C and 65W USB-C slim (2-pin or 3-pin) options; 65W needed for Rapid Charge; offering depends on country. Part number detail: ADLX45YCC3A / 01FR031: 45W."
Lenovo,ThinkPad P1 Gen 5,,L20M4P75,5B11B79217; 5B11B79218; 5M11E25313; 5M11E25314,90,4,medium,https://www.ebay.com/itm/305972122078,"Cell packs L20M4P75 (5B11B79217) / L20D4P75 (5B11B79218). 90Wh 4-cell, shared with P1 Gen 4/6 and X1 Extreme Gen 4/5.",img/lenovo-l20m4p75.jpg,https://www.laptopbatteryexpress.com/Lenovo-L20M4P75-battery-for-ThinkPad-P1-Gen-4-p/len-tp1g4.htm,,170,Lenovo Slim Tip,20V 8.5A,4X20S56701; 02DL140; ADL170SDC3A,high,https://psref.lenovo.com/syspool/Sys/PDF/ThinkPad/ThinkPad_P1_Gen_5/ThinkPad_P1_Gen_5_Spec.pdf,PSREF lists 170W slim tip (3-pin) as standard; 135W slim tip (some UMA/A1000 configs) and 230W slim tip (RTX A5500) options. Adapter offering depends on country. The laptop also accepts USB-C PD (100W) at reduced performance.
Lenovo,ThinkPad P14s Gen 2 (Intel),,L18M3P73,02DL007; 02DL008; 02DL009; 5B10W13906; 5B10W13905; 5B10W13907,50,3,medium,https://www.cdw.com/product/total-micro-battery-lenovo-thinkpad-t14-gen-2-p14s-gen-2-3-cell-50whr/6496205,"Cell packs L18M3P73 (02DL007), L18L3P73 (02DL008), L18C3P71 / L18C3P72 (02DL009). Lenovo PSREF says 50Wh; shops label 51Wh. Shared with T490/T495/P43s, T14 Gen 1/2 and P14s Gen 1/2.",img/lenovo-l18m3p73.jpg,https://www.lenovobatt.com/lenovo-batteries/lenovo-l18m3p73-replacement-battery.htm,LenovoBatt listing for L18M3P73; image file is named after equivalent part L18L3P73 (same 3-cell 51Wh pack),65,USB-C,5-20V up to 3.25A (20V 3.25A / 15V 3A / 9V 2A / 5V 2A),ADLX65YLC3A; ADLX65YAC3A; 5A10W86251,high,https://psref.lenovo.com/syspool/Sys/PDF/ThinkPad/ThinkPad_P14s_Gen_2_Intel/ThinkPad_P14s_Gen_2_Intel_Spec.PDF,"PSREF lists 45W and 65W USB-C adapters (2-pin, 3-pin, slim); the offering depends on country. The 65 W adapter is standard for Rapid Charge on the 50 Wh battery. FRU numbers from general knowledge. Part number detail: ADLX65YLC3A: FRU 02DL128; ADLX65YAC3A: FRU 01FR030."
Lenovo,ThinkPad P15s Gen 1,,L18M3P71,02DL011; 02DL012; 5B10W13913; 5B10W13914,57,3,medium,https://www.amazon.com/OUWEE-L18M3P71-Compatible-SB10K97649-SB10K97650/dp/B08KTBXCVX,"Cell packs L18M3P71 (02DL011), L18L3P71 (02DL012), L18S3P71. 57Wh 3-cell. Shared with T590, P53s, T15 Gen 1/2 and P15s Gen 1/2.",img/lenovo-l18m3p71.jpg,https://www.batterymall.com/products/kingsener-l18m3p71-laptop-battery-for-lenovo-thinkpad,KingSener replacement pack pictured; page lists L18M3P71,65,USB-C,5-20V up to 3.25A (20V 3.25A / 15V 3A / 9V 2A / 5V 2A),5A10W86251; 02DL128; 02DL126; ADLX65YDC3A; ADLX65YLC3A,high,https://psref.lenovo.com/syspool/Sys/PDF/ThinkPad/ThinkPad_P15s_Gen_1/ThinkPad_P15s_Gen_1_Spec.pdf,"PSREF lists 65 W USB-C (2-pin / 3-pin) and 65 W USB-C slim (2-pin / 3-pin), PD 3.0; offering depends on country. FRU numbers from third-party listings."
Lenovo,ThinkPad P15s Gen 2 (Intel),,L18M3P71,02DL011; 02DL012; 5B10W51823; 5B10W13913,57,3,medium,https://www.amazon.com/IZKROR-L20D3P71-Replacement-SB10W51924-5B10W51823/dp/B09PL95JL1,"Cell packs L18M3P71 (02DL011), L18L3P71 (02DL012), L20D3P71 (5B10W51823). 57Wh 3-cell. Shared with T590, P53s, T15 and P15s Gen 1.",img/lenovo-l18m3p71.jpg,https://www.batterymall.com/products/kingsener-l18m3p71-laptop-battery-for-lenovo-thinkpad,KingSener replacement pack pictured; page lists L18M3P71,65,USB-C,5-20V up to 3.25A (20V 3.25A),02DL120; 02DL121; 5A10W86251,high,https://psref.lenovo.com/syspool/Sys/PDF/ThinkPad/ThinkPad_P15s_Gen_2/ThinkPad_P15s_Gen_2_Spec.PDF,PSREF lists 45W and 65W USB-C adapters (offering depends on country); 65W is standard and needed for Rapid Charge.
Lenovo,ThinkPad P50,,SB10H45075,00NY490; 00NY491; 00NY492; 00NY493,67,4,medium,https://forums.lenovo.com/t5/ThinkPad-P-and-W-Series-Mobile/What-s-the-FRU-on-your-P50-battery/td-p/2257636,"Internal 4-cell pack; Lenovo lists 66-67Wh (LG Chem, SB10H45075 to SB10H45078). Aftermarket listings that say 90Wh are wrong for the P50. Shared with P51.",img/lenovo-sb10h45075.jpg,https://www.laptopbatteryexpress.com/Lenovo-00Ny490-Battery-p/len-77-oem-00ny490.htm,Photo is of the equivalent FRU 00NY490 (same 4-cell 66Wh 77 pack for ThinkPad P50/P51); page is the OEM 00NY490 listing,170,Lenovo Slim Tip,20V 8.5A,4X20E50574; 45N0374; 45N0373; 02DL140,high,https://psref.lenovo.com/syspool/Sys/PDF/ThinkPad/ThinkPad_P50/ThinkPad_P50_Spec.PDF,PSREF: 170W slim tip AC adapter. FRUs from own knowledge and Amazon listing. Part number detail: 45N0374: ADL170NLC3A; 45N0373: ADL170NDC3A; 02DL140: slim.
Lenovo,ThinkPad T14 Gen 1 (Intel),,L18M3P73,02DL007; 02DL008; 02DL009; 5B10W13906; 5B10W13905; 5B10W13907,50,3,medium,https://www.cdw.com/product/total-micro-battery-lenovo-thinkpad-t14-gen-2-p14s-gen-2-3-cell-50whr/6496205,"Cell packs L18M3P73 (02DL007), L18L3P73 (02DL008), L18C3P71 / L18C3P72 (02DL009). Lenovo PSREF says 50Wh; shops label 51Wh. Shared with T490/T495/P43s, T14 Gen 1/2 and P14s Gen 1/2.",img/lenovo-l18m3p73.jpg,https://www.lenovobatt.com/lenovo-batteries/lenovo-l18m3p73-replacement-battery.htm,LenovoBatt listing for L18M3P73; image file is named after equivalent part L18L3P73 (same 3-cell 51Wh pack),65,USB-C,"5-20V up to 3.25A (USB-C PD, 20V 3.25A)",ADLX65YLC3A / 01FR024; ADLX65YCC3D / 5A10W86251; ADLX45YCC3A / 01FR031,high,https://psref.lenovo.com/syspool/Sys/PDF/ThinkPad/ThinkPad_T14_Gen_1_Intel/ThinkPad_T14_Gen_1_Intel_Spec.pdf,"PSREF lists 45W USB-C, 65W USB-C and 65W USB-C slim (2-pin or 3-pin) options; 65W needed for Rapid Charge; offering depends on country. Part number detail: ADLX45YCC3A / 01FR031: 45W."
Lenovo,ThinkPad T14 Gen 2 (AMD),,L18M3P73,02DL007; 02DL008; 02DL009; 5B10W13906; 5B10W13905; 5B10W13907,50,3,medium,https://www.cdw.com/product/total-micro-battery-lenovo-thinkpad-t14-gen-2-p14s-gen-2-3-cell-50whr/6496205,"Cell packs L18M3P73 (02DL007), L18L3P73 (02DL008), L18C3P71 / L18C3P72 (02DL009). Lenovo PSREF says 50Wh; shops label 51Wh. Shared with T490/T495/P43s, T14 Gen 1/2 and P14s Gen 1/2.",img/lenovo-l18m3p73.jpg,https://www.lenovobatt.com/lenovo-batteries/lenovo-l18m3p73-replacement-battery.htm,LenovoBatt listing for L18M3P73; image file is named after equivalent part L18L3P73 (same 3-cell 51Wh pack),65,USB-C,5-20V up to 3.25A,5A10W86251; 01FR024; 4X20M26272,high,https://psref.lenovo.com/syspool/Sys/PDF/ThinkPad/ThinkPad_T14_Gen_2_AMD/ThinkPad_T14_Gen_2_AMD_Spec.pdf,PSREF: 65W USB-C (2-pin or 3-pin; standard or slim) PD 3.0. Some regions ship 45W USB-C. Lenovo FRU numbers vary by region.
Lenovo,ThinkPad T14 Gen 2 (Intel),,L18M3P73,02DL007; 02DL008; 02DL009; 5B10W13906; 5B10W13905; 5B10W13907,50,3,medium,https://www.cdw.com/product/total-micro-battery-lenovo-thinkpad-t14-gen-2-p14s-gen-2-3-cell-50whr/6496205,"Cell packs L18M3P73 (02DL007), L18L3P73 (02DL008), L18C3P71 / L18C3P72 (02DL009). Lenovo PSREF says 50Wh; shops label 51Wh. Shared with T490/T495/P43s, T14 Gen 1/2 and P14s Gen 1/2.",img/lenovo-l18m3p73.jpg,https://www.lenovobatt.com/lenovo-batteries/lenovo-l18m3p73-replacement-battery.htm,LenovoBatt listing for L18M3P73; image file is named after equivalent part L18L3P73 (same 3-cell 51Wh pack),65,USB-C,5-20V up to 3.25A (20V 3.25A / 15V 3A / 9V 2A / 5V 2A),ADLX65YLC3A; ADLX65YAC3A; 5A10W86251,high,https://psref.lenovo.com/syspool/Sys/PDF/ThinkPad/ThinkPad_T14_Gen_2_Intel/ThinkPad_T14_Gen_2_Intel_Spec.pdf,"PSREF lists 45W and 65W USB-C adapters (2-pin, 3-pin, slim); the offering depends on country. Some low-end configs ship with the 45 W adapter. FRU numbers from general knowledge. Part number detail: ADLX65YLC3A: FRU 02DL128; ADLX65YAC3A: FRU 01FR030."
Lenovo,ThinkPad T14 Gen 3 (Intel),,L21M3P71,5B10W51860; 5B10W51861; 5B10W51862; 5B10W51864; 5B10W51863; 5B10W51865; 5B10W51866; 5B10W51867,39.3,3,medium,https://www.ifixit.com/Answers/View/756887/Battery+parts+number+for+39.3whr+and+52.5whr,Two sizes: 39.3Wh 3-cell L21M3P71 / L21L3P71 / L21C3P71 (5B10W51860 / 61 / 62 / 64) or 52.5Wh 4-cell L21M4P71 / L21L4P71 / L21C4P71 / L21D4P71 (5B10W51863 / 65 / 66 / 67). PSREF confirms both sizes. Shared with T14 Gen 4 and P14s Gen 3/4.,img/lenovo-l21m3p71.jpg,https://www.newegg.com/greentech-5b10w51860-5b10w51861-5b10w51862-5b11m90022-5b11m90023-5b11m90024-l21l3p71-l21m3p71/p/16J-02MK-00059,GreenTech replacement listed for L21L3P71/L21M3P71 (3-cell 39.3Wh); photo is the replica. Alt: 4-cell sibling L21M4P71 pictured at https://www.laptopbatteryexpress.com/v/vspfiles/photos/LEN-P14SG3-2T.jpg,65,USB-C,5-20V up to 3.25A (20V 3.25A / 15V 3A / 9V 3A / 5V 3A),5A10W86251; 5A10W86259; ADLX65YDC3A; 02DL128; 4X21S91184,high,https://psref.lenovo.com/syspool/Sys/PDF/ThinkPad/ThinkPad_T14_Gen_3_Intel/ThinkPad_T14_Gen_3_Intel_Spec.pdf,"PSREF lists 45 W USB-C (2/3-pin, integrated graphics only, not EMEA), 65 W USB-C (2/3-pin) and 65 W USB-C slim (2/3-pin, not EMEA); Rapid Charge needs the 65 W. FRU numbers from Lenovo spare listings."
Lenovo,ThinkPad T14 Gen 4 (Intel),,L21M3P71,5B10W51860; 5B10W51861; 5B10W51862; 5B10W51864; 5B10W51863; 5B10W51865; 5B10W51866; 5B10W51867,39.3,3,medium,https://www.ifixit.com/Answers/View/756887/Battery+parts+number+for+39.3whr+and+52.5whr,Two sizes: 39.3Wh 3-cell L21M3P71 / L21L3P71 / L21C3P71 (5B10W51860 / 61 / 62 / 64) or 52.5Wh 4-cell L21M4P71 / L21L4P71 / L21C4P71 / L21D4P71 (5B10W51863 / 65 / 66 / 67). PSREF confirms both sizes. Shared with T14 Gen 4 and P14s Gen 3/4.,img/lenovo-l21m3p71.jpg,https://www.newegg.com/greentech-5b10w51860-5b10w51861-5b10w51862-5b11m90022-5b11m90023-5b11m90024-l21l3p71-l21m3p71/p/16J-02MK-00059,GreenTech replacement listed for L21L3P71/L21M3P71 (3-cell 39.3Wh); photo is the replica. Alt: 4-cell sibling L21M4P71 pictured at https://www.laptopbatteryexpress.com/v/vspfiles/photos/LEN-P14SG3-2T.jpg,65,USB-C,5-20V up to 3.25A (20V 3.25A),5A10W86251; 5A11D52394; 02DL120,high,https://psref.lenovo.com/syspool/Sys/PDF/ThinkPad/ThinkPad_T14_Gen_4_Intel/ThinkPad_T14_Gen_4_Intel_Spec.PDF,"PSREF lists 45W and 65W USB-C adapters (2-pin, 3-pin, slim); 65W is standard and needed for Rapid Charge. Part number detail: 5A11D52394: 65W slim."
Lenovo,ThinkPad T14s Gen 1 (Intel),,L18M3PD1,02DL013; 02DL014; 02DL015; 02DL016; 5B10W13909; 5B10W13910,57,3,medium,https://www.ifixit.com/products/lenovo-thinkpad-t14s-t490s-t495s-battery,"Cell packs L18M3PD1, L18C3PD1, L18L3PD1, L18M3PD2, L18C3PD2. 57Wh 3-cell. Shared with T490s/T495s.",img/lenovo-l18m3pd1.jpg,https://www.ifixit.com/products/lenovo-thinkpad-t14s-t490s-t495s-battery,,65,USB-C,5-20V up to 3.25A (20V 3.25A),02DL125; 5A10W86251; 02DL128; 02DL107,high,https://psref.lenovo.com/syspool/Sys/PDF/ThinkPad/ThinkPad_T14s_Gen_1_Intel/ThinkPad_T14s_Gen_1_Intel_Spec.html,"PSREF lists 45 W USB-C and 65 W USB-C (standard or slim), PD 3.0; offering depends on country. Most US SKUs ship 65 W. FRUs from own knowledge. Part number detail: 02DL125: ADLX65YCC3D; 02DL128: 65W slim; 02DL107: 45W."
Lenovo,ThinkPad T14s Gen 2 (Intel),,L20M4P72,5B10W51814; 5B10W51815; 5B10W51816; 5B10W13976,57,4,medium,https://www.sparepartworld.com/lenovo/notebook/thinkpad-serie/t/thinkpad-t14s-gen-2-20wm-20wn/battery-98895064,"Cell packs L20M4P72 (5B10W51814), L20C4P72 (5B10W51815), L20D4P72, L20L4P72. 57Wh 4-cell. PSREF confirms 57Wh.",img/lenovo-l20m4p72.jpg,https://www.batterymall.com/products/lenovo-thinkpad-t14s-gen-2-t14s-2021-series-battery-l20m4p72,Replacement pack pictured; page lists L20M4P72,65,USB-C,"5-20V up to 3.25A (USB-C PD, 20V 3.25A)",ADLX65YLC3A / 01FR024; ADLX65YCC3D / 5A10W86251; ADLX45YCC3A / 01FR031,high,https://psref.lenovo.com/syspool/Sys/PDF/ThinkPad/ThinkPad_T14s_Gen_2_Intel/ThinkPad_T14s_Gen_2_Intel_Spec.pdf,"PSREF lists 45W USB-C, 65W USB-C and 65W USB-C slim (2-pin or 3-pin) options; 65W needed for Rapid Charge; offering depends on country. Part number detail: ADLX45YCC3A / 01FR031: 45W."
Lenovo,ThinkPad T14s Gen 3 (Intel),,L21L4P73,5B11M90030; 5B11M90031; 5B11M90032; 5B11M90033; 5B10W51874; 5B10W51875; 5B10W51876; 5B10W51877,57,4,medium,https://www.ifixit.com/products/lenovo-thinkpad-t14s-gen-3-battery,"Cell packs L21L4P73, L21M4P75, L21D4P74, L21B4P71. 57Wh 4-cell. Shared with T14s Gen 4.",img/lenovo-l21l4p73.jpg,https://www.laptopbatteryexpress.com/L21L4P73-Battery-for-Lenovo-ThinkPad-T14s-p/len-14sgen3-l21l4p73.htm,,65,USB-C,5-20V up to 3.25A,5A10W86251; 5A11D52397; 4X20M26272,high,https://psref.lenovo.com/syspool/Sys/PDF/ThinkPad/ThinkPad_T14s_Gen_3_Intel/ThinkPad_T14s_Gen_3_Intel_Spec.pdf,PSREF: 65W USB-C slim (3-pin) PD 3.0; standard and 2-pin versions by country. Lenovo FRU numbers vary by region.
Lenovo,ThinkPad T15 Gen 1,,L18M3P71,02DL011; 02DL012; 5B10W13913; 5B10W13914,57,3,medium,https://www.amazon.com/OUWEE-L18M3P71-Compatible-SB10K97649-SB10K97650/dp/B08KTBXCVX,"Cell packs L18M3P71 (02DL011), L18L3P71 (02DL012), L18S3P71. 57Wh 3-cell. Shared with T590, P53s, T15 Gen 1/2 and P15s Gen 1/2.",img/lenovo-l18m3p71.jpg,https://www.batterymall.com/products/kingsener-l18m3p71-laptop-battery-for-lenovo-thinkpad,KingSener replacement pack pictured; page lists L18M3P71,65,USB-C,5-20V up to 3.25A (20V 3.25A / 15V 3A / 9V 2A / 5V 2A),ADLX65YLC3A; ADLX65YAC3A; ADLX65YDC3A,high,https://psref.lenovo.com/syspool/Sys/PDF/ThinkPad/ThinkPad_T15_Gen_1/ThinkPad_T15_Gen_1_Spec.PDF,"PSREF lists 45W and 65W USB-C adapters (2-pin, 3-pin, slim); the offering depends on country. FRU numbers from general knowledge. Part number detail: ADLX65YLC3A: FRU 02DL128; ADLX65YAC3A: FRU 01FR030; ADLX65YDC3A: FRU 01FR024."
Lenovo,ThinkPad T15g Gen 1,,L19C6P71,5B10W13958; 5B10W13959; SB10T83201; SB10T83202,94,6,medium,https://www.sparepartworld.com/lenovo/notebook/thinkpad-serie/t/thinkpad-t15g-gen-1-20ur-20us/battery-77720323,Cell packs L19C6P71 / L19L6P71. 94Wh 6-cell. Shared with P15 / P17 Gen 1 and Gen 2.,img/lenovo-l19c6p71.jpg,https://www.batterymall.com/products/lenovo-l19c6p71-battery-for-thinkpad-p15-p17-t15g-series,,230,Lenovo Slim Tip,20V 11.5A,02DL144; 4X20S56713; ADL230SDC3A; 02DL140,medium,https://psref.lenovo.com/syspool/Sys/PDF/ThinkPad/ThinkPad_T15g_Gen_1/ThinkPad_T15g_Gen_1_Spec.PDF,"PSREF lists 170 W slim tip (2-pin / 3-pin, 20V 8.5A) and 230 W slim tip (3-pin); Rapid Charge needs the 230 W. iFixit lists FRUs 02DL142 and 02DL144 for the T15g Gen 1 without wattage; 02DL144 is taken as the 230 W and 02DL142 as the 170 W. Lenovo 230W page (4X20S56713) was not reachable to confirm the FRU."
Lenovo,ThinkPad T15p Gen 3,,L19C6P72,5B10W13960; 5B10W13961; 5B11M90089,68,6,medium,https://www.sparepartworld.com/lenovo/notebook/thinkpad-serie/t/thinkpad-t15p-gen-3-21da-21db/battery-89699951,Cell packs L19C6P72 / L19L6P72. 68Wh 6-cell. Shared with T15p Gen 1/2 and P15v Gen 1 to 3.,img/lenovo-l19c6p72.jpg,https://www.batterymall.com/products/lenovo-l19c6p72-laptop-battery-for-thinkpad-t15p-1st-gen-20tn-20tm,,135,Lenovo Slim Tip,20V 6.75A,5A10W86289; 5A10W86290; 4X20E50558,high,https://psref.lenovo.com/syspool/Sys/PDF/ThinkPad/ThinkPad_T15p_Gen_3/ThinkPad_T15p_Gen_3_Spec.PDF,PSREF lists one adapter: 135W slim tip (3-pin) AC adapter. FRU numbers not confirmed in a Lenovo document. Part number detail: 5A10W86289: ADL135SLC3A.
Lenovo,ThinkPad T480s,,L17M3P71,01AV478; 01AV479; 01AV480,57,3,medium,https://www.newegg.com/lenovo-01av478-11-58v-57wh-lithium-ion-ac-dc/p/16J-000T-02X47,"Cell packs L17L3P71 (01AV478), L17M3P71 (01AV479), L17M3P72 / L17S3P71 (01AV480). 57Wh 3-cell.",img/lenovo-l17m3p71.jpg,https://greencell.global/en/lenovo-ibm/5607-green-cell-battery-l17l3p71-l17m3p71-l17m3p72-for-lenovo-thinkpad-t480s.html,Green Cell replacement pack pictured; page lists L17M3P71,65,USB-C,5-20V up to 3.25A (20V 3.25A),01FR024; 01FR030; 4X20M26268; 01FR022,high,https://psref.lenovo.com/syspool/Sys/PDF/ThinkPad/ThinkPad_T480s/ThinkPad_T480s_Spec.PDF,PSREF: 45W or 65W USB-C AC adapter; rapid charge needs 65 W. i7 SKUs ship 65 W; some i5 SKUs ship 45 W. FRUs from Amazon listing and own knowledge. Part number detail: 01FR024: ADLX65YDC3A; 01FR030: ADLX65YLC3A; 01FR022: 45W.
Lenovo,ThinkPad T590,,L18M3P71,02DL011; 02DL012; 5B10W13913; 5B10W13914,57,3,medium,https://www.amazon.com/OUWEE-L18M3P71-Compatible-SB10K97649-SB10K97650/dp/B08KTBXCVX,"Cell packs L18M3P71 (02DL011), L18L3P71 (02DL012), L18S3P71. 57Wh 3-cell. Shared with T590, P53s, T15 Gen 1/2 and P15s Gen 1/2.",img/lenovo-l18m3p71.jpg,https://www.batterymall.com/products/kingsener-l18m3p71-laptop-battery-for-lenovo-thinkpad,KingSener replacement pack pictured; page lists L18M3P71,65,USB-C,"5-20V up to 3.25A (USB-C PD, 20V 3.25A)",ADLX65YLC3A / 01FR024; ADLX65YCC3D / 5A10W86251; ADLX45YCC3A / 01FR031,high,https://psref.lenovo.com/syspool/Sys/PDF/ThinkPad/ThinkPad_T590/ThinkPad_T590_Spec.pdf,"PSREF lists 45W USB-C, 65W USB-C slim and 65W USB-C AC adapter options; 65W needed for Rapid Charge. Part number detail: ADLX45YCC3A / 01FR031: 45W."
Lenovo,ThinkPad X1 Carbon 7th Gen,,L18M4P72,02DL004; 02DL005; 02DL006,51,4,medium,https://www.amazon.com/LBTECH-Compatible-Replacement-SB10K97642-SB10K97643/dp/B085PXS9CF,"Cell packs L18L4P71 (02DL004), L18M4P72 (02DL005), L18C4P71 (02DL006). 51Wh 4-cell is the only size. Shared with X1 Carbon 8th Gen and X1 Yoga Gen 4/5.",img/lenovo-l18m4p72.jpg,https://www.laptopbatteryexpress.com/Lenovo-L18M4P72-Battery-p/len-x1c7-l18m4p72.htm,,65,USB-C,5-20V up to 3.25A,01FR024; 02DL122; 4X20M26272,high,https://psref.lenovo.com/syspool/Sys/PDF/ThinkPad/ThinkPad_X1_Carbon_7th_Gen/ThinkPad_X1_Carbon_7th_Gen_Spec.PDF,PSREF: 65W USB-C (3-pin) AC adapter. Some regions ship 45W USB-C. Lenovo FRU numbers vary by region.
Lenovo,ThinkPad X1 Carbon Gen 10,,L20C4P71,5B10W13972; 5B10W13973; 5B10W13974; 5B10W13975; 5B11M90057,57,4,medium,https://www.sparepartworld.com/lenovo/notebook/thinkpad-serie/x1/thinkpad-x1-carbon-g10-21cb/battery-80172999,"Cell packs L20C4P71, L20M4P71, L20D4P71, L20L4P71. 57Wh 4-cell. Shared with X1 Carbon Gen 9/10/11 and X1 Yoga Gen 6/7/8.",img/lenovo-l20c4p71.jpg,https://www.laptopbatteryexpress.com/Lenovo-L20C4P71-Battery-p/len-x1cgen9-l20c4p71.htm,,65,USB-C,5-20V up to 3.25A (20V 3.25A / 15V 3A / 9V 2A / 5V 2A),ADLX65YLC3A; 5A10W86251; ADLX65YAC3A,high,https://psref.lenovo.com/syspool/Sys/PDF/ThinkPad/ThinkPad_X1_Carbon_Gen_10/ThinkPad_X1_Carbon_Gen_10_Spec.pdf,"PSREF lists 45W and 65W USB-C adapters (2-pin, 3-pin, slim); EMEA ships only the 65W USB-C slim adapter. FRU numbers from general knowledge. Part number detail: ADLX65YLC3A: FRU 02DL128; ADLX65YAC3A: FRU 01FR030."
Lenovo,ThinkPad X1 Carbon Gen 9,,L20C4P71,5B10W13972; 5B10W13973; 5B10W13974; 5B10W13975; 5B11M90057,57,4,medium,https://www.sparepartworld.com/lenovo/notebook/thinkpad-serie/x1/thinkpad-x1-carbon-g10-21cb/battery-80172999,"Cell packs L20C4P71, L20M4P71, L20D4P71, L20L4P71. 57Wh 4-cell. Shared with X1 Carbon Gen 9/10/11 and X1 Yoga Gen 6/7/8.",img/lenovo-l20c4p71.jpg,https://www.laptopbatteryexpress.com/Lenovo-L20C4P71-Battery-p/len-x1cgen9-l20c4p71.htm,,65,USB-C,5-20V up to 3.25A (20V 3.25A / 15V 3A / 9V 2A / 5V 2A),5A10W86251; 02DL128; ADLX65YDC3A; ADLX65YLC3A; 01FR030,high,https://psref.lenovo.com/syspool/Sys/PDF/ThinkPad/ThinkPad_X1_Carbon_Gen_9/ThinkPad_X1_Carbon_Gen_9_Spec.PDF,"PSREF lists 45 W USB-C (2/3-pin), 65 W USB-C (2/3-pin) and 65 W USB-C slim (2/3-pin), PD 3.0; the 65 W slim is the usual ship adapter. FRU numbers from sparepartworld/emerpower listings."
Lenovo,ThinkPad X1 Yoga Gen 5,,L18M4P72,02DL004; 02DL005; 02DL006,51,4,medium,https://www.amazon.com/LBTECH-Compatible-Replacement-SB10K97642-SB10K97643/dp/B085PXS9CF,"Cell packs L18L4P71 (02DL004), L18M4P72 (02DL005), L18C4P71 (02DL006). 51Wh 4-cell is the only size. Shared with X1 Carbon 8th Gen and X1 Yoga Gen 4/5.",img/lenovo-l18m4p72.jpg,https://www.laptopbatteryexpress.com/Lenovo-L18M4P72-Battery-p/len-x1c7-l18m4p72.htm,,65,USB-C,5-20V up to 3.25A (20V 3.25A),02DL120; 02DL121; 01FR024,high,https://psref.lenovo.com/syspool/Sys/PDF/ThinkPad/ThinkPad_X1_Yoga_Gen_5/ThinkPad_X1_Yoga_Gen_5_Spec.PDF,PSREF lists 45W and 65W USB-C adapters (offering depends on country); 65W is standard and needed for Rapid Charge.
Lenovo,ThinkPad X1 Yoga Gen 6,,L20C4P71,5B10W13972; 5B10W13973; 5B10W13974; 5B10W13975; 5B11M90057,57,4,medium,https://www.sparepartworld.com/lenovo/notebook/thinkpad-serie/x1/thinkpad-x1-carbon-g10-21cb/battery-80172999,"Cell packs L20C4P71, L20M4P71, L20D4P71, L20L4P71. 57Wh 4-cell. Shared with X1 Carbon Gen 9/10/11 and X1 Yoga Gen 6/7/8.",img/lenovo-l20c4p71.jpg,https://www.laptopbatteryexpress.com/Lenovo-L20C4P71-Battery-p/len-x1cgen9-l20c4p71.htm,,65,USB-C,5-20V up to 3.25A (20V 3.25A),02DL125; 5A10W86251; 02DL128,high,https://psref.lenovo.com/syspool/Sys/PDF/ThinkPad/ThinkPad_X1_Yoga_Gen_6/ThinkPad_X1_Yoga_Gen_6_Spec.html,"PSREF: 65 W USB-C (2-pin or 3-pin), standard or slim, PD 3.0. FRUs from own knowledge. Part number detail: 02DL125: ADLX65YCC3D; 02DL128: 65W slim."
Lenovo,ThinkPad X1 Yoga Gen 7,,L20C4P71,5B10W13972; 5B10W13973; 5B10W13974; 5B10W13975; 5B11M90057,57,4,medium,https://psref.lenovo.com/syspool/Sys/PDF/ThinkPad/ThinkPad_X1_Yoga_Gen_7/ThinkPad_X1_Yoga_Gen_7_Spec.pdf,"Cell packs L20C4P71, L20M4P71, L20D4P71, L20L4P71. PSREF confirms 57Wh. FRU 5B11M90057 listed for X1 Yoga 7/8 and X1 Carbon 10/11.",img/lenovo-l20c4p71.jpg,https://www.laptopbatteryexpress.com/Lenovo-L20C4P71-Battery-p/len-x1cgen9-l20c4p71.htm,,65,USB-C,"5-20V up to 3.25A (USB-C PD, 20V 3.25A)",ADLX65YCC3D / 5A10W86251; ADLX65YLC3A / 01FR024; ADLX45YCC3A / 01FR031,high,https://psref.lenovo.com/syspool/Sys/PDF/ThinkPad/ThinkPad_X1_Yoga_Gen_7/ThinkPad_X1_Yoga_Gen_7_Spec.pdf,"PSREF lists 45W USB-C, 65W USB-C and 65W USB-C slim options; in EMEA only the 65W USB-C slim adapter ships. Part number detail: ADLX45YCC3A / 01FR031: 45W."
Lenovo,ThinkPad X13 Gen 3 (Intel),,L20C3P72,5B10W51853; 5B11M90070,41,3,medium,https://www.lenovobatt.com/lenovo-batteries/lenovo-thinkpad-x13-gen-3--intel--21bn00a7gr-replacement-battery.htm,Two sizes: 41Wh 3-cell L20C3P72 (5B10W51853) or 54.7Wh 4-cell L20C4P73 (5B11M90070). The two types are not interchangeable. PSREF confirms 41Wh and 54.7Wh.,,,,65,USB-C,5-20V up to 3.25A,5A10W86251; 5A11D52397; 4X20M26272,high,https://psref.lenovo.com/syspool/Sys/PDF/ThinkPad/ThinkPad_X13_Gen_3_Intel/ThinkPad_X13_Gen_3_Intel_Spec.pdf,PSREF: 65W USB-C (2-pin or 3-pin; standard or slim) PD 3.0. Some regions ship 45W USB-C. Lenovo FRU numbers vary by region.
Lenovo,ThinkPad X13 Gen 4 (Intel),,L22B4P70,5B11H56366; 5B11H56367; 5B11H56368; 5B11H56369; 5B11M90048; 5B11M90049; 5B11M90050; 5B11M90051,54.7,4,medium,https://www.ebay.com/itm/286526897127,Two sizes: 54.7Wh 4-cell L22B4P70 / L22C4P70 (5B11H56366 to 5B11H56369) or 41Wh 3-cell L22C3P74 / L22M3P76 / L22D3P76. FRUs 5B11M90048 to 5B11M90051 are listed for this model; the split between the 41Wh and 54.7Wh FRUs is not confirmed.,img/lenovo-l22b4p70.jpg,https://www.aolstecell.com/lenovo/l22b4p70-battery,,65,USB-C,5-20V up to 3.25A (20V 3.25A / 15V 3A / 9V 2A / 5V 2A),ADLX65YLC3A; 5A10W86251; ADLX65YAC3A,high,https://psref.lenovo.com/syspool/Sys/PDF/ThinkPad/ThinkPad_X13_Gen_4_Intel/ThinkPad_X13_Gen_4_Intel_Spec.pdf,"PSREF lists 45W and 65W USB-C adapters (2-pin, 3-pin, slim); the offering depends on country. Both batteries support Rapid Charge with the 65 W adapter. FRU numbers from general knowledge. Part number detail: ADLX65YLC3A: FRU 02DL128; ADLX65YAC3A: FRU 01FR030."
Lenovo,ThinkPad X13 Yoga Gen 1,,L18M3P72,02DL021; 02DL022; 5B10W13927; 5B10W13928; 5B10W13929,50,3,medium,https://www.ifixit.com/products/lenovo-thinkpad-yoga-x390,"Cell packs L18L3P72 (02DL021), L18M3P72 (02DL022), L18S3P72. Lenovo and ifixit say 50Wh; shops label 51Wh. Shared with X390 Yoga.",img/lenovo-l18m3p72.jpg,https://www.laptopbatteryexpress.com/Lenovo-L18M3P72-Battery-p/len-x13g1-l18m3p72.htm,,65,USB-C,5-20V up to 3.25A (20V 3.25A / 15V 3A / 12V 3A / 9V 3A / 5V 3A),5A10W86251; 02DL128; 02DL126; ADLX65YDC3A; ADLX65YLC3A,high,https://psref.lenovo.com/syspool/Sys/PDF/ThinkPad/ThinkPad_X13_Yoga_Gen_1/ThinkPad_X13_Yoga_Gen_1_Spec.PDF,"PSREF lists 65 W USB-C slim (2-pin) and 65 W USB-C slim (3-pin), PD 3.0; offering depends on country. A 45 W USB-C is sold as an alternative by third parties. FRU numbers from emerpower/eBay listings."
Lenovo,ThinkPad X13 Yoga Gen 2 (Intel),,L20M3P71,5B11A13107; 5B11A13108; 5B11A14635,51.8,3,medium,https://www.laptopbatteryexpress.com/Lenovo-Thinkpad-X13-Yoga-Gen-2-Battery-p/len-yogax13g2.htm,"Cell packs L20M3P71, L20L3P71, L20C3P71, L20D3P71. Lenovo lists 51.8Wh; some shops label the same pack 57Wh.",img/lenovo-l20m3p71.jpg,https://www.ifixit.com/products/lenovo-l20m3p71-battery,,65,USB-C,5-20V up to 3.25A (20V 3.25A),02DL120; 5A10W86251; 02DL121,high,https://psref.lenovo.com/syspool/Sys/PDF/ThinkPad/ThinkPad_X13_Yoga_Gen_2_Intel/ThinkPad_X13_Yoga_Gen_2_Intel_Spec.PDF,PSREF lists 45W and 65W USB-C adapters (offering depends on country); 65W is standard and needed for Rapid Charge.
Lenovo,ThinkPad X390,,L18M6PD1,02DL017; 02DL018; 02DL019; 02DL020,48,3,medium,https://www.ifixit.com/products/lenovo-thinkpad-x390-replacement-battery,"48Wh 3-cell. Cell packs L18M6PD1 (02DL017), L18M6PD2 (02DL018), L18C6PD1 (02DL019), L18D6PD1 (02DL020). Shared with X395 and X13 Gen 1.",img/lenovo-l18m6pd1.png,https://www.storeshoppe.com/products/lenovo-thinkpad-x13-gen-1-x390-x395-l18c6pd1-l18l6pd1-l18m6pd1-battery,,45,USB-C,5-20V up to 2.25A (20V 2.25A),02DL107; 01FR022; 02DL125; 02DL128,high,https://psref.lenovo.com/syspool/Sys/PDF/ThinkPad/ThinkPad_X390/ThinkPad_X390_Spec.PDF,"PSREF lists 45 W USB-C (2-pin/3-pin) first, then 65 W USB-C standard and slim; offering depends on country. Rapid charge needs 65 W. FRUs from own knowledge. Part number detail: 02DL107: ADLX45YCC3D; 02DL125: 65W; 02DL128: 65W slim."
Lenovo,ThinkPad X390 Yoga,,L18M3P72,02DL021; 02DL022; 5B10W13927; 5B10W13928; 5B10W13929,50,3,medium,https://www.ifixit.com/products/lenovo-thinkpad-yoga-x390,"Cell packs L18L3P72 (02DL021), L18M3P72 (02DL022), L18S3P72. Lenovo and ifixit say 50Wh; shops label 51Wh. Shared with X390 Yoga.",img/lenovo-l18m3p72.jpg,https://www.laptopbatteryexpress.com/Lenovo-L18M3P72-Battery-p/len-x13g1-l18m3p72.htm,,65,USB-C,"5-20V up to 3.25A (USB-C PD, 20V 3.25A)",ADLX65YLC3A / 01FR024; ADLX65YCC3D / 5A10W86251; ADLX45YCC3A / 01FR031,high,https://psref.lenovo.com/syspool/Sys/PDF/ThinkPad/ThinkPad_X390_Yoga/ThinkPad_X390_Yoga_Spec.pdf,"PSREF lists 45W USB-C (2-pin/3-pin), 65W USB-C slim (2-pin) and 65W USB-C (2-pin/3-pin) options; 65W needed for Rapid Charge. Part number detail: ADLX45YCC3A / 01FR031: 45W."
Lenovo,Yoga Slim 7 13ITL5 (82CU),,L19M4PF7,5B10Z33899; 5B10Z33897; SB10Z33892; SB10Z33893,50,4,medium,https://www.hp-battery.com/lenovo-yoga-slim-7-13itl05-(82cu).html,"Cell packs L19M4PF7 (5B10Z33899) / L19D4PF5 (5B10Z33897). 50Wh 4-cell (7.72V, 2S2P). Shared with Yoga Slim 7 13ACN05 and Yoga Slim 7 Carbon 13ITL5.",img/lenovo-l19m4pf7.jpg,https://www.batterymall.com/products/lenovo-l19m4pf7-sb10z33892-5b10z33899-laptop-battery,,65,USB-C,5-20V up to 3.25A,5A10W86251; ADLX65YCC3D; GX20Z46256,high,https://psref.lenovo.com/syspool/Sys/PDF/Yoga/Yoga_Slim_7_13ITL5/Yoga_Slim_7_13ITL5_Spec.html,PSREF: 65W USB-C slim AC adapter PD 3.0 (2-pin wall-mount or 3-pin by country). Lenovo FRU numbers vary by region.
